timestamp,hour,day,weekend,queue_length,wait_time
2024-01-01 08:00:00,8,Monday,0,15,49.05
2024-01-01 09:00:00,9,Monday,0,9,21.38
2024-01-01 10:00:00,10,Monday,0,18,48.83
2024-01-01 11:00:00,11,Monday,0,10,24.19
2024-01-01 12:00:00,12,Monday,0,15,30.04
2024-01-01 13:00:00,13,Monday,0,8,22.15
2024-01-01 14:00:00,14,Monday,0,1,5.24
2024-01-01 15:00:00,15,Monday,0,14,38.84
2024-01-01 16:00:00,16,Monday,0,6,9.19
2024-01-01 17:00:00,17,Monday,0,0,3.35
2024-01-02 08:00:00,8,Tuesday,0,17,48.84
2024-01-02 09:00:00,9,Tuesday,0,12,27.97
2024-01-02 10:00:00,10,Tuesday,0,14,47.48
2024-01-02 11:00:00,11,Tuesday,0,19,48.46
2024-01-02 12:00:00,12,Tuesday,0,1,0.0
2024-01-02 13:00:00,13,Tuesday,0,15,29.99
2024-01-02 14:00:00,14,Tuesday,0,6,10.81
2024-01-02 15:00:00,15,Tuesday,0,7,20.39
2024-01-02 16:00:00,16,Tuesday,0,20,49.79
2024-01-02 17:00:00,17,Tuesday,0,0,0.19
2024-01-03 08:00:00,8,Wednesday,0,18,42.3
2024-01-03 09:00:00,9,Wednesday,0,2,3.33
2024-01-03 10:00:00,10,Wednesday,0,0,0.0
2024-01-03 11:00:00,11,Wednesday,0,1,5.15
2024-01-03 12:00:00,12,Wednesday,0,0,0.0
2024-01-03 13:00:00,13,Wednesday,0,3,8.35
2024-01-03 14:00:00,14,Wednesday,0,7,17.63
2024-01-03 15:00:00,15,Wednesday,0,1,7.8
2024-01-03 16:00:00,16,Wednesday,0,0,3.91
2024-01-03 17:00:00,17,Wednesday,0,2,0.12
2024-01-04 08:00:00,8,Thursday,0,0,0.0
2024-01-04 09:00:00,9,Thursday,0,17,50.39
2024-01-04 10:00:00,10,Thursday,0,0,0.0
2024-01-04 11:00:00,11,Thursday,0,1,3.94
2024-01-04 12:00:00,12,Thursday,0,18,38.48
2024-01-04 13:00:00,13,Thursday,0,7,10.14
2024-01-04 14:00:00,14,Thursday,0,17,21.11
2024-01-04 15:00:00,15,Thursday,0,10,19.23
2024-01-04 16:00:00,16,Thursday,0,16,44.69
2024-01-04 17:00:00,17,Thursday,0,19,44.52
2024-01-05 08:00:00,8,Friday,0,12,31.3
2024-01-05 09:00:00,9,Friday,0,14,31.12
2024-01-05 10:00:00,10,Friday,0,8,22.15
2024-01-05 11:00:00,11,Friday,0,1,4.16
2024-01-05 12:00:00,12,Friday,0,8,19.46
2024-01-05 13:00:00,13,Friday,0,19,70.38
2024-01-05 14:00:00,14,Friday,0,15,36.48
2024-01-05 15:00:00,15,Friday,0,16,50.98
2024-01-05 16:00:00,16,Friday,0,8,20.7
2024-01-05 17:00:00,17,Friday,0,4,6.93
2024-01-06 08:00:00,8,Saturday,1,1,4.31
2024-01-06 09:00:00,9,Saturday,1,3,5.39
2024-01-06 10:00:00,10,Saturday,1,9,19.12
2024-01-06 11:00:00,11,Saturday,1,19,34.55
2024-01-06 12:00:00,12,Saturday,1,11,22.23
2024-01-06 13:00:00,13,Saturday,1,16,40.09
2024-01-06 14:00:00,14,Saturday,1,6,22.76
2024-01-06 15:00:00,15,Saturday,1,2,4.99
2024-01-06 16:00:00,16,Saturday,1,9,23.73
2024-01-06 17:00:00,17,Saturday,1,15,34.24
2024-01-07 08:00:00,8,Sunday,1,3,7.49
2024-01-07 09:00:00,9,Sunday,1,7,19.97
2024-01-07 10:00:00,10,Sunday,1,15,59.88
2024-01-07 11:00:00,11,Sunday,1,6,27.61
2024-01-07 12:00:00,12,Sunday,1,9,27.51
2024-01-07 13:00:00,13,Sunday,1,11,47.85
2024-01-07 14:00:00,14,Sunday,1,9,22.72
2024-01-07 15:00:00,15,Sunday,1,1,3.51
2024-01-07 16:00:00,16,Sunday,1,19,60.31
2024-01-07 17:00:00,17,Sunday,1,12,31.11
2024-01-08 08:00:00,8,Monday,0,19,31.6
2024-01-08 09:00:00,9,Monday,0,9,23.36
2024-01-08 10:00:00,10,Monday,0,13,29.05
2024-01-08 11:00:00,11,Monday,0,14,33.25
2024-01-08 12:00:00,12,Monday,0,5,17.24
2024-01-08 13:00:00,13,Monday,0,12,28.41
2024-01-08 14:00:00,14,Monday,0,4,2.72
2024-01-08 15:00:00,15,Monday,0,19,54.82
2024-01-08 16:00:00,16,Monday,0,3,11.2
2024-01-08 17:00:00,17,Monday,0,16,36.42
2024-01-09 08:00:00,8,Tuesday,0,3,9.85
2024-01-09 09:00:00,9,Tuesday,0,3,9.78
2024-01-09 10:00:00,10,Tuesday,0,10,19.11
2024-01-09 11:00:00,11,Tuesday,0,18,58.9
2024-01-09 12:00:00,12,Tuesday,0,12,27.08
2024-01-09 13:00:00,13,Tuesday,0,13,21.93
2024-01-09 14:00:00,14,Tuesday,0,10,34.8
2024-01-09 15:00:00,15,Tuesday,0,7,21.32
2024-01-09 16:00:00,16,Tuesday,0,13,21.47
2024-01-09 17:00:00,17,Tuesday,0,13,16.78
2024-01-10 08:00:00,8,Wednesday,0,9,18.49
2024-01-10 09:00:00,9,Wednesday,0,3,5.3
2024-01-10 10:00:00,10,Wednesday,0,14,39.54
2024-01-10 11:00:00,11,Wednesday,0,20,38.06
2024-01-10 12:00:00,12,Wednesday,0,5,13.59
2024-01-10 13:00:00,13,Wednesday,0,0,0.0
2024-01-10 14:00:00,14,Wednesday,0,4,11.86
2024-01-10 15:00:00,15,Wednesday,0,19,34.62
2024-01-10 16:00:00,16,Wednesday,0,13,25.97
2024-01-10 17:00:00,17,Wednesday,0,1,0.22
2024-01-11 08:00:00,8,Thursday,0,19,37.35
2024-01-11 09:00:00,9,Thursday,0,8,13.87
2024-01-11 10:00:00,10,Thursday,0,3,10.95
2024-01-11 11:00:00,11,Thursday,0,12,41.63
2024-01-11 12:00:00,12,Thursday,0,0,3.59
2024-01-11 13:00:00,13,Thursday,0,3,9.76
2024-01-11 14:00:00,14,Thursday,0,19,40.94
2024-01-11 15:00:00,15,Thursday,0,20,65.0
2024-01-11 16:00:00,16,Thursday,0,4,4.45
2024-01-11 17:00:00,17,Thursday,0,7,12.45
2024-01-12 08:00:00,8,Friday,0,10,29.78
2024-01-12 09:00:00,9,Friday,0,18,66.04
2024-01-12 10:00:00,10,Friday,0,18,54.45
2024-01-12 11:00:00,11,Friday,0,17,55.05
2024-01-12 12:00:00,12,Friday,0,3,12.73
2024-01-12 13:00:00,13,Friday,0,16,33.05
2024-01-12 14:00:00,14,Friday,0,1,0.0
2024-01-12 15:00:00,15,Friday,0,16,38.17
2024-01-12 16:00:00,16,Friday,0,10,12.99
2024-01-12 17:00:00,17,Friday,0,8,22.08
2024-01-13 08:00:00,8,Saturday,1,14,47.47
2024-01-13 09:00:00,9,Saturday,1,11,43.6
2024-01-13 10:00:00,10,Saturday,1,8,26.34
2024-01-13 11:00:00,11,Saturday,1,17,42.03
2024-01-13 12:00:00,12,Saturday,1,14,56.35
2024-01-13 13:00:00,13,Saturday,1,12,49.98
2024-01-13 14:00:00,14,Saturday,1,16,65.01
2024-01-13 15:00:00,15,Saturday,1,20,73.73
2024-01-13 16:00:00,16,Saturday,1,10,21.17
2024-01-13 17:00:00,17,Saturday,1,7,28.67
2024-01-14 08:00:00,8,Sunday,1,12,43.71
2024-01-14 09:00:00,9,Sunday,1,9,33.07
2024-01-14 10:00:00,10,Sunday,1,17,39.02
2024-01-14 11:00:00,11,Sunday,1,19,67.08
2024-01-14 12:00:00,12,Sunday,1,12,24.64
2024-01-14 13:00:00,13,Sunday,1,4,7.06
2024-01-14 14:00:00,14,Sunday,1,11,36.85
2024-01-14 15:00:00,15,Sunday,1,2,2.75
2024-01-14 16:00:00,16,Sunday,1,15,46.87
2024-01-14 17:00:00,17,Sunday,1,1,7.88
2024-01-15 08:00:00,8,Monday,0,7,21.64
2024-01-15 09:00:00,9,Monday,0,19,53.32
2024-01-15 10:00:00,10,Monday,0,17,50.95
2024-01-15 11:00:00,11,Monday,0,19,60.48
2024-01-15 12:00:00,12,Monday,0,12,14.42
2024-01-15 13:00:00,13,Monday,0,9,30.96
2024-01-15 14:00:00,14,Monday,0,3,7.22
2024-01-15 15:00:00,15,Monday,0,8,17.97
2024-01-15 16:00:00,16,Monday,0,9,23.75
2024-01-15 17:00:00,17,Monday,0,18,38.01
2024-01-16 08:00:00,8,Tuesday,0,11,39.48
2024-01-16 09:00:00,9,Tuesday,0,14,48.23
2024-01-16 10:00:00,10,Tuesday,0,14,45.19
2024-01-16 11:00:00,11,Tuesday,0,15,46.24
2024-01-16 12:00:00,12,Tuesday,0,2,6.31
2024-01-16 13:00:00,13,Tuesday,0,18,33.49
2024-01-16 14:00:00,14,Tuesday,0,20,69.7
2024-01-16 15:00:00,15,Tuesday,0,13,24.5
2024-01-16 16:00:00,16,Tuesday,0,17,45.35
2024-01-16 17:00:00,17,Tuesday,0,8,14.13
2024-01-17 08:00:00,8,Wednesday,0,18,35.07
2024-01-17 09:00:00,9,Wednesday,0,2,2.44
2024-01-17 10:00:00,10,Wednesday,0,15,38.55
2024-01-17 11:00:00,11,Wednesday,0,10,24.98
2024-01-17 12:00:00,12,Wednesday,0,2,7.66
2024-01-17 13:00:00,13,Wednesday,0,11,32.1
2024-01-17 14:00:00,14,Wednesday,0,6,15.73
2024-01-17 15:00:00,15,Wednesday,0,8,27.31
2024-01-17 16:00:00,16,Wednesday,0,13,17.96
2024-01-17 17:00:00,17,Wednesday,0,15,42.67
2024-01-18 08:00:00,8,Thursday,0,7,13.98
2024-01-18 09:00:00,9,Thursday,0,12,38.29
2024-01-18 10:00:00,10,Thursday,0,12,22.24
2024-01-18 11:00:00,11,Thursday,0,4,6.79
2024-01-18 12:00:00,12,Thursday,0,15,38.92
2024-01-18 13:00:00,13,Thursday,0,10,26.26
2024-01-18 14:00:00,14,Thursday,0,1,1.52
2024-01-18 15:00:00,15,Thursday,0,16,51.59
2024-01-18 16:00:00,16,Thursday,0,1,0.0
2024-01-18 17:00:00,17,Thursday,0,0,0.0
2024-01-19 08:00:00,8,Friday,0,1,6.88
2024-01-19 09:00:00,9,Friday,0,6,18.06
2024-01-19 10:00:00,10,Friday,0,20,74.37
2024-01-19 11:00:00,11,Friday,0,12,41.36
2024-01-19 12:00:00,12,Friday,0,1,7.73
2024-01-19 13:00:00,13,Friday,0,18,65.1
2024-01-19 14:00:00,14,Friday,0,0,0.0
2024-01-19 15:00:00,15,Friday,0,9,28.53
2024-01-19 16:00:00,16,Friday,0,14,29.64
2024-01-19 17:00:00,17,Friday,0,6,12.72
2024-01-20 08:00:00,8,Saturday,1,0,4.83
2024-01-20 09:00:00,9,Saturday,1,19,43.94
2024-01-20 10:00:00,10,Saturday,1,19,50.46
2024-01-20 11:00:00,11,Saturday,1,5,14.83
2024-01-20 12:00:00,12,Saturday,1,16,56.08
2024-01-20 13:00:00,13,Saturday,1,11,41.01
2024-01-20 14:00:00,14,Saturday,1,13,29.6
2024-01-20 15:00:00,15,Saturday,1,13,44.1
2024-01-20 16:00:00,16,Saturday,1,3,14.0
2024-01-20 17:00:00,17,Saturday,1,4,9.2
2024-01-21 08:00:00,8,Sunday,1,13,44.78
2024-01-21 09:00:00,9,Sunday,1,19,67.7
2024-01-21 10:00:00,10,Sunday,1,0,0.0
2024-01-21 11:00:00,11,Sunday,1,13,34.51
2024-01-21 12:00:00,12,Sunday,1,5,23.59
2024-01-21 13:00:00,13,Sunday,1,9,27.6
2024-01-21 14:00:00,14,Sunday,1,19,74.38
2024-01-21 15:00:00,15,Sunday,1,14,21.47
2024-01-21 16:00:00,16,Sunday,1,6,26.03
2024-01-21 17:00:00,17,Sunday,1,10,46.16
2024-01-22 08:00:00,8,Monday,0,0,1.09
2024-01-22 09:00:00,9,Monday,0,0,1.77
2024-01-22 10:00:00,10,Monday,0,10,27.38
2024-01-22 11:00:00,11,Monday,0,15,48.68
2024-01-22 12:00:00,12,Monday,0,9,11.29
2024-01-22 13:00:00,13,Monday,0,19,34.02
2024-01-22 14:00:00,14,Monday,0,0,0.0
2024-01-22 15:00:00,15,Monday,0,12,23.09
2024-01-22 16:00:00,16,Monday,0,2,8.0
2024-01-22 17:00:00,17,Monday,0,8,31.26
2024-01-23 08:00:00,8,Tuesday,0,17,50.82
2024-01-23 09:00:00,9,Tuesday,0,20,65.83
2024-01-23 10:00:00,10,Tuesday,0,6,16.41
2024-01-23 11:00:00,11,Tuesday,0,3,8.97
2024-01-23 12:00:00,12,Tuesday,0,7,20.27
2024-01-23 13:00:00,13,Tuesday,0,11,24.75
2024-01-23 14:00:00,14,Tuesday,0,18,64.76
2024-01-23 15:00:00,15,Tuesday,0,1,0.0
2024-01-23 16:00:00,16,Tuesday,0,3,10.2
2024-01-23 17:00:00,17,Tuesday,0,17,58.49
2024-01-24 08:00:00,8,Wednesday,0,16,44.21
2024-01-24 09:00:00,9,Wednesday,0,16,31.51
2024-01-24 10:00:00,10,Wednesday,0,6,20.1
2024-01-24 11:00:00,11,Wednesday,0,15,19.05
2024-01-24 12:00:00,12,Wednesday,0,18,62.23
2024-01-24 13:00:00,13,Wednesday,0,20,66.46
2024-01-24 14:00:00,14,Wednesday,0,12,30.73
2024-01-24 15:00:00,15,Wednesday,0,4,11.34
2024-01-24 16:00:00,16,Wednesday,0,11,34.69
2024-01-24 17:00:00,17,Wednesday,0,10,17.6
2024-01-25 08:00:00,8,Thursday,0,20,26.38
2024-01-25 09:00:00,9,Thursday,0,2,8.44
2024-01-25 10:00:00,10,Thursday,0,2,4.18
2024-01-25 11:00:00,11,Thursday,0,17,32.38
2024-01-25 12:00:00,12,Thursday,0,1,4.02
2024-01-25 13:00:00,13,Thursday,0,4,11.8
2024-01-25 14:00:00,14,Thursday,0,4,14.15
2024-01-25 15:00:00,15,Thursday,0,9,19.59
2024-01-25 16:00:00,16,Thursday,0,4,3.41
2024-01-25 17:00:00,17,Thursday,0,7,16.25
2024-01-26 08:00:00,8,Friday,0,3,9.22
2024-01-26 09:00:00,9,Friday,0,12,20.89
2024-01-26 10:00:00,10,Friday,0,13,26.97
2024-01-26 11:00:00,11,Friday,0,3,12.47
2024-01-26 12:00:00,12,Friday,0,4,6.67
2024-01-26 13:00:00,13,Friday,0,2,0.15
2024-01-26 14:00:00,14,Friday,0,4,9.65
2024-01-26 15:00:00,15,Friday,0,19,63.66
2024-01-26 16:00:00,16,Friday,0,10,34.55
2024-01-26 17:00:00,17,Friday,0,10,30.88
2024-01-27 08:00:00,8,Saturday,1,4,14.71
2024-01-27 09:00:00,9,Saturday,1,7,19.26
2024-01-27 10:00:00,10,Saturday,1,2,4.21
2024-01-27 11:00:00,11,Saturday,1,16,42.84
2024-01-27 12:00:00,12,Saturday,1,2,11.59
2024-01-27 13:00:00,13,Saturday,1,6,20.21
2024-01-27 14:00:00,14,Saturday,1,5,24.08
2024-01-27 15:00:00,15,Saturday,1,5,7.41
2024-01-27 16:00:00,16,Saturday,1,3,13.19
2024-01-27 17:00:00,17,Saturday,1,7,13.05
2024-01-28 08:00:00,8,Sunday,1,15,53.34
2024-01-28 09:00:00,9,Sunday,1,12,22.43
2024-01-28 10:00:00,10,Sunday,1,12,37.19
2024-01-28 11:00:00,11,Sunday,1,9,12.96
2024-01-28 12:00:00,12,Sunday,1,2,3.65
2024-01-28 13:00:00,13,Sunday,1,6,16.98
2024-01-28 14:00:00,14,Sunday,1,5,19.45
2024-01-28 15:00:00,15,Sunday,1,3,8.37
2024-01-28 16:00:00,16,Sunday,1,2,2.22
2024-01-28 17:00:00,17,Sunday,1,18,56.15
2024-01-29 08:00:00,8,Monday,0,14,46.3
2024-01-29 09:00:00,9,Monday,0,16,43.56
2024-01-29 10:00:00,10,Monday,0,1,4.85
2024-01-29 11:00:00,11,Monday,0,20,44.71
2024-01-29 12:00:00,12,Monday,0,1,0.0
2024-01-29 13:00:00,13,Monday,0,16,42.55
2024-01-29 14:00:00,14,Monday,0,0,0.0
2024-01-29 15:00:00,15,Monday,0,3,9.35
2024-01-29 16:00:00,16,Monday,0,8,13.81
2024-01-29 17:00:00,17,Monday,0,15,47.67
2024-01-30 08:00:00,8,Tuesday,0,7,14.85
2024-01-30 09:00:00,9,Tuesday,0,6,9.2
2024-01-30 10:00:00,10,Tuesday,0,1,0.0
2024-01-30 11:00:00,11,Tuesday,0,8,23.24
2024-01-30 12:00:00,12,Tuesday,0,19,33.65
2024-01-30 13:00:00,13,Tuesday,0,10,16.04
2024-01-30 14:00:00,14,Tuesday,0,12,34.22
2024-01-30 15:00:00,15,Tuesday,0,0,0.0
2024-01-30 16:00:00,16,Tuesday,0,7,16.73
2024-01-30 17:00:00,17,Tuesday,0,15,40.47
2024-01-31 08:00:00,8,Wednesday,0,6,20.62
2024-01-31 09:00:00,9,Wednesday,0,9,12.74
2024-01-31 10:00:00,10,Wednesday,0,2,7.74
2024-01-31 11:00:00,11,Wednesday,0,3,11.17
2024-01-31 12:00:00,12,Wednesday,0,10,34.13
2024-01-31 13:00:00,13,Wednesday,0,3,10.56
2024-01-31 14:00:00,14,Wednesday,0,8,17.89
2024-01-31 15:00:00,15,Wednesday,0,10,18.7
2024-01-31 16:00:00,16,Wednesday,0,18,31.32
2024-01-31 17:00:00,17,Wednesday,0,11,37.34
2024-02-01 08:00:00,8,Thursday,0,3,10.7
2024-02-01 09:00:00,9,Thursday,0,2,8.73
2024-02-01 10:00:00,10,Thursday,0,20,39.46
2024-02-01 11:00:00,11,Thursday,0,14,34.75
2024-02-01 12:00:00,12,Thursday,0,15,46.15
2024-02-01 13:00:00,13,Thursday,0,12,21.81
2024-02-01 14:00:00,14,Thursday,0,12,31.03
2024-02-01 15:00:00,15,Thursday,0,11,35.84
2024-02-01 16:00:00,16,Thursday,0,15,38.11
2024-02-01 17:00:00,17,Thursday,0,14,25.75
2024-02-02 08:00:00,8,Friday,0,8,10.99
2024-02-02 09:00:00,9,Friday,0,2,6.13
2024-02-02 10:00:00,10,Friday,0,1,0.0
2024-02-02 11:00:00,11,Friday,0,19,56.27
2024-02-02 12:00:00,12,Friday,0,14,20.84
2024-02-02 13:00:00,13,Friday,0,14,32.89
2024-02-02 14:00:00,14,Friday,0,15,53.25
2024-02-02 15:00:00,15,Friday,0,14,44.32
2024-02-02 16:00:00,16,Friday,0,12,25.78
2024-02-02 17:00:00,17,Friday,0,3,4.2
2024-02-03 08:00:00,8,Saturday,1,18,50.08
2024-02-03 09:00:00,9,Saturday,1,19,52.68
2024-02-03 10:00:00,10,Saturday,1,12,46.55
2024-02-03 11:00:00,11,Saturday,1,4,15.07
2024-02-03 12:00:00,12,Saturday,1,18,53.29
2024-02-03 13:00:00,13,Saturday,1,2,6.72
2024-02-03 14:00:00,14,Saturday,1,13,42.42
2024-02-03 15:00:00,15,Saturday,1,18,52.38
2024-02-03 16:00:00,16,Saturday,1,16,34.34
2024-02-03 17:00:00,17,Saturday,1,16,60.07
2024-02-04 08:00:00,8,Sunday,1,18,58.39
2024-02-04 09:00:00,9,Sunday,1,19,34.52
2024-02-04 10:00:00,10,Sunday,1,2,7.98
2024-02-04 11:00:00,11,Sunday,1,8,30.65
2024-02-04 12:00:00,12,Sunday,1,6,22.65
2024-02-04 13:00:00,13,Sunday,1,3,10.35
2024-02-04 14:00:00,14,Sunday,1,3,10.64
2024-02-04 15:00:00,15,Sunday,1,2,11.24
2024-02-04 16:00:00,16,Sunday,1,7,20.13
2024-02-04 17:00:00,17,Sunday,1,1,4.26
2024-02-05 08:00:00,8,Monday,0,5,8.18
2024-02-05 09:00:00,9,Monday,0,17,30.55
2024-02-05 10:00:00,10,Monday,0,9,13.97
2024-02-05 11:00:00,11,Monday,0,2,10.57
2024-02-05 12:00:00,12,Monday,0,7,27.64
2024-02-05 13:00:00,13,Monday,0,0,0.0
2024-02-05 14:00:00,14,Monday,0,11,21.44
2024-02-05 15:00:00,15,Monday,0,1,0.0
2024-02-05 16:00:00,16,Monday,0,13,29.4
2024-02-05 17:00:00,17,Monday,0,0,0.0
2024-02-06 08:00:00,8,Tuesday,0,1,6.47
2024-02-06 09:00:00,9,Tuesday,0,17,46.62
2024-02-06 10:00:00,10,Tuesday,0,0,3.4
2024-02-06 11:00:00,11,Tuesday,0,19,65.42
2024-02-06 12:00:00,12,Tuesday,0,11,28.27
2024-02-06 13:00:00,13,Tuesday,0,2,3.9
2024-02-06 14:00:00,14,Tuesday,0,7,13.82
2024-02-06 15:00:00,15,Tuesday,0,4,5.22
2024-02-06 16:00:00,16,Tuesday,0,19,63.55
2024-02-06 17:00:00,17,Tuesday,0,1,5.67
2024-02-07 08:00:00,8,Wednesday,0,13,29.64
2024-02-07 09:00:00,9,Wednesday,0,4,12.14
2024-02-07 10:00:00,10,Wednesday,0,20,59.81
2024-02-07 11:00:00,11,Wednesday,0,7,19.11
2024-02-07 12:00:00,12,Wednesday,0,18,30.46
2024-02-07 13:00:00,13,Wednesday,0,10,23.07
2024-02-07 14:00:00,14,Wednesday,0,17,58.56
2024-02-07 15:00:00,15,Wednesday,0,14,44.81
2024-02-07 16:00:00,16,Wednesday,0,2,4.42
2024-02-07 17:00:00,17,Wednesday,0,4,9.43
2024-02-08 08:00:00,8,Thursday,0,15,32.07
2024-02-08 09:00:00,9,Thursday,0,4,14.57
2024-02-08 10:00:00,10,Thursday,0,12,33.47
2024-02-08 11:00:00,11,Thursday,0,15,40.13
2024-02-08 12:00:00,12,Thursday,0,7,11.33
2024-02-08 13:00:00,13,Thursday,0,15,46.14
2024-02-08 14:00:00,14,Thursday,0,19,35.26
2024-02-08 15:00:00,15,Thursday,0,3,3.57
2024-02-08 16:00:00,16,Thursday,0,19,46.03
2024-02-08 17:00:00,17,Thursday,0,0,2.47
2024-02-09 08:00:00,8,Friday,0,8,22.99
2024-02-09 09:00:00,9,Friday,0,2,9.0
2024-02-09 10:00:00,10,Friday,0,14,35.39
2024-02-09 11:00:00,11,Friday,0,4,6.03
2024-02-09 12:00:00,12,Friday,0,18,57.29
2024-02-09 13:00:00,13,Friday,0,5,13.47
2024-02-09 14:00:00,14,Friday,0,11,26.0
2024-02-09 15:00:00,15,Friday,0,20,50.22
2024-02-09 16:00:00,16,Friday,0,5,11.56
2024-02-09 17:00:00,17,Friday,0,17,46.08
2024-02-10 08:00:00,8,Saturday,1,11,45.44
2024-02-10 09:00:00,9,Saturday,1,7,25.09
2024-02-10 10:00:00,10,Saturday,1,5,14.07
2024-02-10 11:00:00,11,Saturday,1,20,42.45
2024-02-10 12:00:00,12,Saturday,1,12,45.12
2024-02-10 13:00:00,13,Saturday,1,16,42.56
2024-02-10 14:00:00,14,Saturday,1,7,9.76
2024-02-10 15:00:00,15,Saturday,1,20,61.32
2024-02-10 16:00:00,16,Saturday,1,11,20.3
2024-02-10 17:00:00,17,Saturday,1,2,3.72
2024-02-11 08:00:00,8,Sunday,1,3,10.14
2024-02-11 09:00:00,9,Sunday,1,20,79.59
2024-02-11 10:00:00,10,Sunday,1,4,7.18
2024-02-11 11:00:00,11,Sunday,1,8,26.32
2024-02-11 12:00:00,12,Sunday,1,19,64.24
2024-02-11 13:00:00,13,Sunday,1,14,54.24
2024-02-11 14:00:00,14,Sunday,1,9,27.56
2024-02-11 15:00:00,15,Sunday,1,13,37.96
2024-02-11 16:00:00,16,Sunday,1,1,2.81
2024-02-11 17:00:00,17,Sunday,1,1,1.6
2024-02-12 08:00:00,8,Monday,0,13,44.23
2024-02-12 09:00:00,9,Monday,0,17,51.05
2024-02-12 10:00:00,10,Monday,0,4,9.9
2024-02-12 11:00:00,11,Monday,0,6,12.31
2024-02-12 12:00:00,12,Monday,0,9,15.46
2024-02-12 13:00:00,13,Monday,0,5,14.31
2024-02-12 14:00:00,14,Monday,0,0,0.92
2024-02-12 15:00:00,15,Monday,0,0,4.18
2024-02-12 16:00:00,16,Monday,0,3,9.41
2024-02-12 17:00:00,17,Monday,0,6,21.48
2024-02-13 08:00:00,8,Tuesday,0,19,60.18
2024-02-13 09:00:00,9,Tuesday,0,4,12.38
2024-02-13 10:00:00,10,Tuesday,0,13,21.4
2024-02-13 11:00:00,11,Tuesday,0,19,35.24
2024-02-13 12:00:00,12,Tuesday,0,10,28.57
2024-02-13 13:00:00,13,Tuesday,0,16,33.92
2024-02-13 14:00:00,14,Tuesday,0,2,7.31
2024-02-13 15:00:00,15,Tuesday,0,16,50.59
2024-02-13 16:00:00,16,Tuesday,0,17,36.67
2024-02-13 17:00:00,17,Tuesday,0,15,56.19
2024-02-14 08:00:00,8,Wednesday,0,2,9.21
2024-02-14 09:00:00,9,Wednesday,0,2,4.02
2024-02-14 10:00:00,10,Wednesday,0,18,54.86
2024-02-14 11:00:00,11,Wednesday,0,3,12.92
2024-02-14 12:00:00,12,Wednesday,0,17,49.11
2024-02-14 13:00:00,13,Wednesday,0,4,16.73
2024-02-14 14:00:00,14,Wednesday,0,13,31.41
2024-02-14 15:00:00,15,Wednesday,0,4,15.69
2024-02-14 16:00:00,16,Wednesday,0,11,31.58
2024-02-14 17:00:00,17,Wednesday,0,0,0.0
2024-02-15 08:00:00,8,Thursday,0,2,9.28
2024-02-15 09:00:00,9,Thursday,0,18,34.01
2024-02-15 10:00:00,10,Thursday,0,12,28.75
2024-02-15 11:00:00,11,Thursday,0,10,34.66
2024-02-15 12:00:00,12,Thursday,0,11,27.82
2024-02-15 13:00:00,13,Thursday,0,7,22.7
2024-02-15 14:00:00,14,Thursday,0,6,14.31
2024-02-15 15:00:00,15,Thursday,0,15,29.84
2024-02-15 16:00:00,16,Thursday,0,9,22.29
2024-02-15 17:00:00,17,Thursday,0,11,15.5
2024-02-16 08:00:00,8,Friday,0,18,58.64
2024-02-16 09:00:00,9,Friday,0,15,30.84
2024-02-16 10:00:00,10,Friday,0,8,23.34
2024-02-16 11:00:00,11,Friday,0,16,41.64
2024-02-16 12:00:00,12,Friday,0,3,11.82
2024-02-16 13:00:00,13,Friday,0,7,16.81
2024-02-16 14:00:00,14,Friday,0,0,4.84
2024-02-16 15:00:00,15,Friday,0,7,10.6
2024-02-16 16:00:00,16,Friday,0,10,25.75
2024-02-16 17:00:00,17,Friday,0,4,9.8
2024-02-17 08:00:00,8,Saturday,1,4,5.91
2024-02-17 09:00:00,9,Saturday,1,11,28.68
2024-02-17 10:00:00,10,Saturday,1,17,61.03
2024-02-17 11:00:00,11,Saturday,1,5,12.05
2024-02-17 12:00:00,12,Saturday,1,14,49.63
2024-02-17 13:00:00,13,Saturday,1,20,44.41
2024-02-17 14:00:00,14,Saturday,1,3,13.49
2024-02-17 15:00:00,15,Saturday,1,18,38.45
2024-02-17 16:00:00,16,Saturday,1,0,3.49
2024-02-17 17:00:00,17,Saturday,1,18,70.53
2024-02-18 08:00:00,8,Sunday,1,18,67.2
2024-02-18 09:00:00,9,Sunday,1,11,33.83
2024-02-18 10:00:00,10,Sunday,1,8,13.41
2024-02-18 11:00:00,11,Sunday,1,17,40.03
2024-02-18 12:00:00,12,Sunday,1,4,12.04
2024-02-18 13:00:00,13,Sunday,1,16,64.29
2024-02-18 14:00:00,14,Sunday,1,19,50.2
2024-02-18 15:00:00,15,Sunday,1,13,21.38
2024-02-18 16:00:00,16,Sunday,1,12,37.13
2024-02-18 17:00:00,17,Sunday,1,20,63.56
2024-02-19 08:00:00,8,Monday,0,5,17.66
2024-02-19 09:00:00,9,Monday,0,9,22.17
2024-02-19 10:00:00,10,Monday,0,15,33.97
2024-02-19 11:00:00,11,Monday,0,3,6.52
2024-02-19 12:00:00,12,Monday,0,6,16.52
2024-02-19 13:00:00,13,Monday,0,18,35.73
2024-02-19 14:00:00,14,Monday,0,17,33.95
2024-02-19 15:00:00,15,Monday,0,20,31.31
2024-02-19 16:00:00,16,Monday,0,4,7.76
2024-02-19 17:00:00,17,Monday,0,10,20.47
2024-02-20 08:00:00,8,Tuesday,0,19,51.2
2024-02-20 09:00:00,9,Tuesday,0,10,38.21
2024-02-20 10:00:00,10,Tuesday,0,15,26.72
2024-02-20 11:00:00,11,Tuesday,0,5,7.04
2024-02-20 12:00:00,12,Tuesday,0,11,21.81
2024-02-20 13:00:00,13,Tuesday,0,4,6.72
2024-02-20 14:00:00,14,Tuesday,0,2,4.02
2024-02-20 15:00:00,15,Tuesday,0,3,2.32
2024-02-20 16:00:00,16,Tuesday,0,10,29.5
2024-02-20 17:00:00,17,Tuesday,0,7,21.6
2024-02-21 08:00:00,8,Wednesday,0,13,39.44
2024-02-21 09:00:00,9,Wednesday,0,18,47.7
2024-02-21 10:00:00,10,Wednesday,0,15,33.92
2024-02-21 11:00:00,11,Wednesday,0,2,8.0
2024-02-21 12:00:00,12,Wednesday,0,7,20.9
2024-02-21 13:00:00,13,Wednesday,0,12,19.43
2024-02-21 14:00:00,14,Wednesday,0,0,2.0
2024-02-21 15:00:00,15,Wednesday,0,20,50.78
2024-02-21 16:00:00,16,Wednesday,0,6,21.11
2024-02-21 17:00:00,17,Wednesday,0,11,41.05
2024-02-22 08:00:00,8,Thursday,0,19,44.6
2024-02-22 09:00:00,9,Thursday,0,1,1.45
2024-02-22 10:00:00,10,Thursday,0,4,11.02
2024-02-22 11:00:00,11,Thursday,0,16,36.6
2024-02-22 12:00:00,12,Thursday,0,14,35.41
2024-02-22 13:00:00,13,Thursday,0,0,0.0
2024-02-22 14:00:00,14,Thursday,0,12,36.85
2024-02-22 15:00:00,15,Thursday,0,5,17.22
2024-02-22 16:00:00,16,Thursday,0,16,35.95
2024-02-22 17:00:00,17,Thursday,0,14,24.01
2024-02-23 08:00:00,8,Friday,0,15,52.09
2024-02-23 09:00:00,9,Friday,0,12,28.08
2024-02-23 10:00:00,10,Friday,0,11,39.74
2024-02-23 11:00:00,11,Friday,0,12,24.86
2024-02-23 12:00:00,12,Friday,0,5,8.7
2024-02-23 13:00:00,13,Friday,0,20,62.4
2024-02-23 14:00:00,14,Friday,0,11,32.44
2024-02-23 15:00:00,15,Friday,0,13,15.87
2024-02-23 16:00:00,16,Friday,0,4,13.51
2024-02-23 17:00:00,17,Friday,0,14,35.6
2024-02-24 08:00:00,8,Saturday,1,8,22.09
2024-02-24 09:00:00,9,Saturday,1,15,30.21
2024-02-24 10:00:00,10,Saturday,1,20,46.91
2024-02-24 11:00:00,11,Saturday,1,17,70.03
2024-02-24 12:00:00,12,Saturday,1,0,1.6
2024-02-24 13:00:00,13,Saturday,1,0,0.83
2024-02-24 14:00:00,14,Saturday,1,2,5.51
2024-02-24 15:00:00,15,Saturday,1,8,18.95
2024-02-24 16:00:00,16,Saturday,1,8,28.9
2024-02-24 17:00:00,17,Saturday,1,18,67.8
2024-02-25 08:00:00,8,Sunday,1,4,9.65
2024-02-25 09:00:00,9,Sunday,1,1,3.53
2024-02-25 10:00:00,10,Sunday,1,15,50.42
2024-02-25 11:00:00,11,Sunday,1,2,4.61
2024-02-25 12:00:00,12,Sunday,1,8,36.15
2024-02-25 13:00:00,13,Sunday,1,3,5.0
2024-02-25 14:00:00,14,Sunday,1,6,11.76
2024-02-25 15:00:00,15,Sunday,1,2,5.57
2024-02-25 16:00:00,16,Sunday,1,20,66.66
2024-02-25 17:00:00,17,Sunday,1,13,38.75
2024-02-26 08:00:00,8,Monday,0,7,14.1
2024-02-26 09:00:00,9,Monday,0,7,11.93
2024-02-26 10:00:00,10,Monday,0,12,25.28
2024-02-26 11:00:00,11,Monday,0,19,38.34
2024-02-26 12:00:00,12,Monday,0,0,0.99
2024-02-26 13:00:00,13,Monday,0,9,19.09
2024-02-26 14:00:00,14,Monday,0,16,30.95
2024-02-26 15:00:00,15,Monday,0,18,40.24
2024-02-26 16:00:00,16,Monday,0,1,4.3
2024-02-26 17:00:00,17,Monday,0,16,34.43
2024-02-27 08:00:00,8,Tuesday,0,13,20.53
2024-02-27 09:00:00,9,Tuesday,0,1,5.65
2024-02-27 10:00:00,10,Tuesday,0,12,19.46
2024-02-27 11:00:00,11,Tuesday,0,9,20.18
2024-02-27 12:00:00,12,Tuesday,0,11,33.6
2024-02-27 13:00:00,13,Tuesday,0,20,57.07
2024-02-27 14:00:00,14,Tuesday,0,16,29.28
2024-02-27 15:00:00,15,Tuesday,0,7,18.63
2024-02-27 16:00:00,16,Tuesday,0,3,11.41
2024-02-27 17:00:00,17,Tuesday,0,20,35.54
2024-02-28 08:00:00,8,Wednesday,0,3,11.28
2024-02-28 09:00:00,9,Wednesday,0,8,26.48
2024-02-28 10:00:00,10,Wednesday,0,5,12.43
2024-02-28 11:00:00,11,Wednesday,0,10,16.88
2024-02-28 12:00:00,12,Wednesday,0,10,22.25
2024-02-28 13:00:00,13,Wednesday,0,5,12.62
2024-02-28 14:00:00,14,Wednesday,0,18,31.0
2024-02-28 15:00:00,15,Wednesday,0,18,55.43
2024-02-28 16:00:00,16,Wednesday,0,15,51.33
2024-02-28 17:00:00,17,Wednesday,0,19,31.97
2024-02-29 08:00:00,8,Thursday,0,12,22.67
2024-02-29 09:00:00,9,Thursday,0,10,30.79
2024-02-29 10:00:00,10,Thursday,0,1,4.55
2024-02-29 11:00:00,11,Thursday,0,4,11.08
2024-02-29 12:00:00,12,Thursday,0,2,4.03
2024-02-29 13:00:00,13,Thursday,0,3,6.33
2024-02-29 14:00:00,14,Thursday,0,4,10.49
2024-02-29 15:00:00,15,Thursday,0,11,37.27
2024-02-29 16:00:00,16,Thursday,0,15,41.59
2024-02-29 17:00:00,17,Thursday,0,0,0.16
2024-03-01 08:00:00,8,Friday,0,4,16.01
2024-03-01 09:00:00,9,Friday,0,11,18.06
2024-03-01 10:00:00,10,Friday,0,12,29.2
2024-03-01 11:00:00,11,Friday,0,3,3.56
2024-03-01 12:00:00,12,Friday,0,3,3.8
2024-03-01 13:00:00,13,Friday,0,9,34.31
2024-03-01 14:00:00,14,Friday,0,10,31.4
2024-03-01 15:00:00,15,Friday,0,7,23.76
2024-03-01 16:00:00,16,Friday,0,6,17.27
2024-03-01 17:00:00,17,Friday,0,14,33.73
2024-03-02 08:00:00,8,Saturday,1,19,48.86
2024-03-02 09:00:00,9,Saturday,1,4,13.52
2024-03-02 10:00:00,10,Saturday,1,2,4.53
2024-03-02 11:00:00,11,Saturday,1,3,5.66
2024-03-02 12:00:00,12,Saturday,1,16,42.4
2024-03-02 13:00:00,13,Saturday,1,20,48.33
2024-03-02 14:00:00,14,Saturday,1,20,62.27
2024-03-02 15:00:00,15,Saturday,1,11,41.0
2024-03-02 16:00:00,16,Saturday,1,5,11.29
2024-03-02 17:00:00,17,Saturday,1,0,2.45
2024-03-03 08:00:00,8,Sunday,1,5,20.59
2024-03-03 09:00:00,9,Sunday,1,18,58.3
2024-03-03 10:00:00,10,Sunday,1,12,27.04
2024-03-03 11:00:00,11,Sunday,1,4,15.76
2024-03-03 12:00:00,12,Sunday,1,15,53.92
2024-03-03 13:00:00,13,Sunday,1,0,4.35
2024-03-03 14:00:00,14,Sunday,1,11,41.53
2024-03-03 15:00:00,15,Sunday,1,20,44.35
2024-03-03 16:00:00,16,Sunday,1,7,15.04
2024-03-03 17:00:00,17,Sunday,1,1,6.17
2024-03-04 08:00:00,8,Monday,0,11,34.34
2024-03-04 09:00:00,9,Monday,0,8,25.39
2024-03-04 10:00:00,10,Monday,0,6,7.7
2024-03-04 11:00:00,11,Monday,0,1,5.1
2024-03-04 12:00:00,12,Monday,0,3,8.95
2024-03-04 13:00:00,13,Monday,0,0,2.42
2024-03-04 14:00:00,14,Monday,0,14,39.27
2024-03-04 15:00:00,15,Monday,0,19,63.36
2024-03-04 16:00:00,16,Monday,0,7,20.54
2024-03-04 17:00:00,17,Monday,0,18,58.24
2024-03-05 08:00:00,8,Tuesday,0,11,32.74
2024-03-05 09:00:00,9,Tuesday,0,0,0.0
2024-03-05 10:00:00,10,Tuesday,0,16,47.92
2024-03-05 11:00:00,11,Tuesday,0,14,39.35
2024-03-05 12:00:00,12,Tuesday,0,16,28.59
2024-03-05 13:00:00,13,Tuesday,0,10,25.33
2024-03-05 14:00:00,14,Tuesday,0,1,2.84
2024-03-05 15:00:00,15,Tuesday,0,5,10.55
2024-03-05 16:00:00,16,Tuesday,0,1,7.57
2024-03-05 17:00:00,17,Tuesday,0,14,24.88
2024-03-06 08:00:00,8,Wednesday,0,16,50.19
2024-03-06 09:00:00,9,Wednesday,0,19,34.75
2024-03-06 10:00:00,10,Wednesday,0,8,28.31
2024-03-06 11:00:00,11,Wednesday,0,16,24.88
2024-03-06 12:00:00,12,Wednesday,0,7,13.5
2024-03-06 13:00:00,13,Wednesday,0,20,47.2
2024-03-06 14:00:00,14,Wednesday,0,2,7.75
2024-03-06 15:00:00,15,Wednesday,0,0,0.98
2024-03-06 16:00:00,16,Wednesday,0,10,32.13
2024-03-06 17:00:00,17,Wednesday,0,12,27.19
2024-03-07 08:00:00,8,Thursday,0,12,38.83
2024-03-07 09:00:00,9,Thursday,0,3,6.46
2024-03-07 10:00:00,10,Thursday,0,18,49.1
2024-03-07 11:00:00,11,Thursday,0,15,43.11
2024-03-07 12:00:00,12,Thursday,0,20,53.87
2024-03-07 13:00:00,13,Thursday,0,1,5.49
2024-03-07 14:00:00,14,Thursday,0,19,60.68
2024-03-07 15:00:00,15,Thursday,0,14,51.85
2024-03-07 16:00:00,16,Thursday,0,16,41.43
2024-03-07 17:00:00,17,Thursday,0,15,43.8
2024-03-08 08:00:00,8,Friday,0,12,26.75
2024-03-08 09:00:00,9,Friday,0,12,29.91
2024-03-08 10:00:00,10,Friday,0,20,25.91
2024-03-08 11:00:00,11,Friday,0,14,30.42
2024-03-08 12:00:00,12,Friday,0,2,3.76
2024-03-08 13:00:00,13,Friday,0,14,40.33
2024-03-08 14:00:00,14,Friday,0,0,0.0
2024-03-08 15:00:00,15,Friday,0,10,35.51
2024-03-08 16:00:00,16,Friday,0,18,35.82
2024-03-08 17:00:00,17,Friday,0,13,34.07
2024-03-09 08:00:00,8,Saturday,1,17,51.09
2024-03-09 09:00:00,9,Saturday,1,17,70.23
2024-03-09 10:00:00,10,Saturday,1,9,33.08
2024-03-09 11:00:00,11,Saturday,1,19,62.92
2024-03-09 12:00:00,12,Saturday,1,13,41.98
2024-03-09 13:00:00,13,Saturday,1,4,17.46
2024-03-09 14:00:00,14,Saturday,1,14,46.58
2024-03-09 15:00:00,15,Saturday,1,13,24.1
2024-03-09 16:00:00,16,Saturday,1,20,58.94
2024-03-09 17:00:00,17,Saturday,1,13,43.73
2024-03-10 08:00:00,8,Sunday,1,4,14.03
2024-03-10 09:00:00,9,Sunday,1,12,26.67
2024-03-10 10:00:00,10,Sunday,1,18,31.65
2024-03-10 11:00:00,11,Sunday,1,9,35.22
2024-03-10 12:00:00,12,Sunday,1,3,9.98
2024-03-10 13:00:00,13,Sunday,1,1,5.36
2024-03-10 14:00:00,14,Sunday,1,19,74.4
2024-03-10 15:00:00,15,Sunday,1,0,0.0
2024-03-10 16:00:00,16,Sunday,1,14,58.89
2024-03-10 17:00:00,17,Sunday,1,0,1.63
2024-03-11 08:00:00,8,Monday,0,12,18.23
2024-03-11 09:00:00,9,Monday,0,12,26.81
2024-03-11 10:00:00,10,Monday,0,3,4.42
2024-03-11 11:00:00,11,Monday,0,13,36.62
2024-03-11 12:00:00,12,Monday,0,15,48.31
2024-03-11 13:00:00,13,Monday,0,17,55.88
2024-03-11 14:00:00,14,Monday,0,15,29.03
2024-03-11 15:00:00,15,Monday,0,8,29.93
2024-03-11 16:00:00,16,Monday,0,18,51.07
2024-03-11 17:00:00,17,Monday,0,5,13.76
2024-03-12 08:00:00,8,Tuesday,0,15,35.34
2024-03-12 09:00:00,9,Tuesday,0,1,0.0
2024-03-12 10:00:00,10,Tuesday,0,14,40.51
2024-03-12 11:00:00,11,Tuesday,0,16,52.39
2024-03-12 12:00:00,12,Tuesday,0,18,38.69
2024-03-12 13:00:00,13,Tuesday,0,17,31.66
2024-03-12 14:00:00,14,Tuesday,0,20,30.26
2024-03-12 15:00:00,15,Tuesday,0,16,58.29
2024-03-12 16:00:00,16,Tuesday,0,14,41.43
2024-03-12 17:00:00,17,Tuesday,0,3,8.06
2024-03-13 08:00:00,8,Wednesday,0,6,16.61
2024-03-13 09:00:00,9,Wednesday,0,0,0.0
2024-03-13 10:00:00,10,Wednesday,0,5,21.21
2024-03-13 11:00:00,11,Wednesday,0,1,0.48
2024-03-13 12:00:00,12,Wednesday,0,12,25.86
2024-03-13 13:00:00,13,Wednesday,0,19,55.5
2024-03-13 14:00:00,14,Wednesday,0,10,28.93
2024-03-13 15:00:00,15,Wednesday,0,19,60.8
2024-03-13 16:00:00,16,Wednesday,0,7,15.35
2024-03-13 17:00:00,17,Wednesday,0,8,21.86
2024-03-14 08:00:00,8,Thursday,0,16,53.51
2024-03-14 09:00:00,9,Thursday,0,19,40.09
2024-03-14 10:00:00,10,Thursday,0,11,27.84
2024-03-14 11:00:00,11,Thursday,0,15,44.55
2024-03-14 12:00:00,12,Thursday,0,2,1.39
2024-03-14 13:00:00,13,Thursday,0,8,24.81
2024-03-14 14:00:00,14,Thursday,0,12,21.91
2024-03-14 15:00:00,15,Thursday,0,2,2.76
2024-03-14 16:00:00,16,Thursday,0,17,31.2
2024-03-14 17:00:00,17,Thursday,0,10,24.36
2024-03-15 08:00:00,8,Friday,0,19,42.95
2024-03-15 09:00:00,9,Friday,0,20,54.86
2024-03-15 10:00:00,10,Friday,0,11,32.73
2024-03-15 11:00:00,11,Friday,0,12,30.83
2024-03-15 12:00:00,12,Friday,0,19,24.21
2024-03-15 13:00:00,13,Friday,0,0,0.63
2024-03-15 14:00:00,14,Friday,0,12,22.64
2024-03-15 15:00:00,15,Friday,0,4,9.84
2024-03-15 16:00:00,16,Friday,0,1,0.68
2024-03-15 17:00:00,17,Friday,0,7,12.82
2024-03-16 08:00:00,8,Saturday,1,16,58.2
2024-03-16 09:00:00,9,Saturday,1,11,20.93
2024-03-16 10:00:00,10,Saturday,1,2,7.33
2024-03-16 11:00:00,11,Saturday,1,6,20.55
2024-03-16 12:00:00,12,Saturday,1,13,33.38
2024-03-16 13:00:00,13,Saturday,1,4,17.97
2024-03-16 14:00:00,14,Saturday,1,9,15.83
2024-03-16 15:00:00,15,Saturday,1,19,79.34
2024-03-16 16:00:00,16,Saturday,1,0,0.0
2024-03-16 17:00:00,17,Saturday,1,3,12.89
2024-03-17 08:00:00,8,Sunday,1,17,34.29
2024-03-17 09:00:00,9,Sunday,1,3,8.16
2024-03-17 10:00:00,10,Sunday,1,12,25.19
2024-03-17 11:00:00,11,Sunday,1,19,71.78
2024-03-17 12:00:00,12,Sunday,1,0,1.91
2024-03-17 13:00:00,13,Sunday,1,19,40.36
2024-03-17 14:00:00,14,Sunday,1,5,15.79
2024-03-17 15:00:00,15,Sunday,1,9,30.11
2024-03-17 16:00:00,16,Sunday,1,17,35.28
2024-03-17 17:00:00,17,Sunday,1,3,9.4
2024-03-18 08:00:00,8,Monday,0,14,29.66
2024-03-18 09:00:00,9,Monday,0,7,14.47
2024-03-18 10:00:00,10,Monday,0,17,35.15
2024-03-18 11:00:00,11,Monday,0,15,32.66
2024-03-18 12:00:00,12,Monday,0,10,33.48
2024-03-18 13:00:00,13,Monday,0,2,5.38
2024-03-18 14:00:00,14,Monday,0,18,51.55
2024-03-18 15:00:00,15,Monday,0,12,34.81
2024-03-18 16:00:00,16,Monday,0,19,39.06
2024-03-18 17:00:00,17,Monday,0,17,38.23
2024-03-19 08:00:00,8,Tuesday,0,15,27.8
2024-03-19 09:00:00,9,Tuesday,0,1,4.6
2024-03-19 10:00:00,10,Tuesday,0,18,47.45
2024-03-19 11:00:00,11,Tuesday,0,16,35.48
2024-03-19 12:00:00,12,Tuesday,0,19,32.9
2024-03-19 13:00:00,13,Tuesday,0,12,27.76
2024-03-19 14:00:00,14,Tuesday,0,8,14.02
2024-03-19 15:00:00,15,Tuesday,0,20,49.69
2024-03-19 16:00:00,16,Tuesday,0,1,0.0
2024-03-19 17:00:00,17,Tuesday,0,20,63.24
2024-03-20 08:00:00,8,Wednesday,0,16,37.27
2024-03-20 09:00:00,9,Wednesday,0,18,56.73
2024-03-20 10:00:00,10,Wednesday,0,1,3.47
2024-03-20 11:00:00,11,Wednesday,0,19,42.47
2024-03-20 12:00:00,12,Wednesday,0,8,25.52
2024-03-20 13:00:00,13,Wednesday,0,3,9.01
2024-03-20 14:00:00,14,Wednesday,0,13,28.46
2024-03-20 15:00:00,15,Wednesday,0,16,43.18
2024-03-20 16:00:00,16,Wednesday,0,2,2.57
2024-03-20 17:00:00,17,Wednesday,0,20,46.73
2024-03-21 08:00:00,8,Thursday,0,20,61.15
2024-03-21 09:00:00,9,Thursday,0,10,11.19
2024-03-21 10:00:00,10,Thursday,0,10,22.92
2024-03-21 11:00:00,11,Thursday,0,13,32.15
2024-03-21 12:00:00,12,Thursday,0,20,64.53
2024-03-21 13:00:00,13,Thursday,0,2,8.33
2024-03-21 14:00:00,14,Thursday,0,19,45.83
2024-03-21 15:00:00,15,Thursday,0,20,52.29
2024-03-21 16:00:00,16,Thursday,0,10,34.3
2024-03-21 17:00:00,17,Thursday,0,14,31.62
2024-03-22 08:00:00,8,Friday,0,4,9.47
2024-03-22 09:00:00,9,Friday,0,5,13.97
2024-03-22 10:00:00,10,Friday,0,12,21.13
2024-03-22 11:00:00,11,Friday,0,12,34.87
2024-03-22 12:00:00,12,Friday,0,4,12.59
2024-03-22 13:00:00,13,Friday,0,13,30.06
2024-03-22 14:00:00,14,Friday,0,19,40.87
2024-03-22 15:00:00,15,Friday,0,12,28.9
2024-03-22 16:00:00,16,Friday,0,14,52.68
2024-03-22 17:00:00,17,Friday,0,13,39.63
2024-03-23 08:00:00,8,Saturday,1,2,5.79
2024-03-23 09:00:00,9,Saturday,1,4,5.34
2024-03-23 10:00:00,10,Saturday,1,6,10.67
2024-03-23 11:00:00,11,Saturday,1,1,0.75
2024-03-23 12:00:00,12,Saturday,1,10,22.53
2024-03-23 13:00:00,13,Saturday,1,9,31.96
2024-03-23 14:00:00,14,Saturday,1,2,11.74
2024-03-23 15:00:00,15,Saturday,1,4,12.22
2024-03-23 16:00:00,16,Saturday,1,14,58.99
2024-03-23 17:00:00,17,Saturday,1,1,0.7
2024-03-24 08:00:00,8,Sunday,1,16,42.2
2024-03-24 09:00:00,9,Sunday,1,4,14.49
2024-03-24 10:00:00,10,Sunday,1,19,45.03
2024-03-24 11:00:00,11,Sunday,1,3,11.64
2024-03-24 12:00:00,12,Sunday,1,4,15.59
2024-03-24 13:00:00,13,Sunday,1,18,33.26
2024-03-24 14:00:00,14,Sunday,1,15,47.88
2024-03-24 15:00:00,15,Sunday,1,18,47.27
2024-03-24 16:00:00,16,Sunday,1,8,21.0
2024-03-24 17:00:00,17,Sunday,1,9,15.36
2024-03-25 08:00:00,8,Monday,0,20,67.96
2024-03-25 09:00:00,9,Monday,0,7,14.36
2024-03-25 10:00:00,10,Monday,0,20,61.63
2024-03-25 11:00:00,11,Monday,0,1,6.51
2024-03-25 12:00:00,12,Monday,0,12,17.34
2024-03-25 13:00:00,13,Monday,0,2,1.55
2024-03-25 14:00:00,14,Monday,0,2,7.61
2024-03-25 15:00:00,15,Monday,0,20,52.31
2024-03-25 16:00:00,16,Monday,0,9,15.89
2024-03-25 17:00:00,17,Monday,0,2,4.83
2024-03-26 08:00:00,8,Tuesday,0,16,24.17
2024-03-26 09:00:00,9,Tuesday,0,0,0.0
2024-03-26 10:00:00,10,Tuesday,0,1,5.37
2024-03-26 11:00:00,11,Tuesday,0,16,28.4
2024-03-26 12:00:00,12,Tuesday,0,6,4.88
2024-03-26 13:00:00,13,Tuesday,0,18,46.49
2024-03-26 14:00:00,14,Tuesday,0,20,45.77
2024-03-26 15:00:00,15,Tuesday,0,19,36.47
2024-03-26 16:00:00,16,Tuesday,0,15,28.31
2024-03-26 17:00:00,17,Tuesday,0,10,37.3
2024-03-27 08:00:00,8,Wednesday,0,8,22.21
2024-03-27 09:00:00,9,Wednesday,0,3,10.5
2024-03-27 10:00:00,10,Wednesday,0,2,8.8
2024-03-27 11:00:00,11,Wednesday,0,15,45.85
2024-03-27 12:00:00,12,Wednesday,0,18,40.81
2024-03-27 13:00:00,13,Wednesday,0,3,4.93
2024-03-27 14:00:00,14,Wednesday,0,15,25.5
2024-03-27 15:00:00,15,Wednesday,0,5,19.44
2024-03-27 16:00:00,16,Wednesday,0,13,44.33
2024-03-27 17:00:00,17,Wednesday,0,14,50.68
2024-03-28 08:00:00,8,Thursday,0,7,18.27
2024-03-28 09:00:00,9,Thursday,0,14,33.02
2024-03-28 10:00:00,10,Thursday,0,9,13.84
2024-03-28 11:00:00,11,Thursday,0,12,41.16
2024-03-28 12:00:00,12,Thursday,0,0,1.27
2024-03-28 13:00:00,13,Thursday,0,14,32.96
2024-03-28 14:00:00,14,Thursday,0,12,41.54
2024-03-28 15:00:00,15,Thursday,0,19,64.71
2024-03-28 16:00:00,16,Thursday,0,7,20.6
2024-03-28 17:00:00,17,Thursday,0,4,8.56
2024-03-29 08:00:00,8,Friday,0,1,2.34
2024-03-29 09:00:00,9,Friday,0,0,2.39
2024-03-29 10:00:00,10,Friday,0,12,21.5
2024-03-29 11:00:00,11,Friday,0,13,34.98
2024-03-29 12:00:00,12,Friday,0,0,0.0
2024-03-29 13:00:00,13,Friday,0,5,13.4
2024-03-29 14:00:00,14,Friday,0,4,8.1
2024-03-29 15:00:00,15,Friday,0,2,6.75
2024-03-29 16:00:00,16,Friday,0,6,6.43
2024-03-29 17:00:00,17,Friday,0,18,26.45
2024-03-30 08:00:00,8,Saturday,1,11,43.07
2024-03-30 09:00:00,9,Saturday,1,6,24.42
2024-03-30 10:00:00,10,Saturday,1,6,13.0
2024-03-30 11:00:00,11,Saturday,1,4,16.44
2024-03-30 12:00:00,12,Saturday,1,18,47.22
2024-03-30 13:00:00,13,Saturday,1,13,30.86
2024-03-30 14:00:00,14,Saturday,1,8,18.14
2024-03-30 15:00:00,15,Saturday,1,16,29.49
2024-03-30 16:00:00,16,Saturday,1,1,3.44
2024-03-30 17:00:00,17,Saturday,1,12,52.86
2024-03-31 08:00:00,8,Sunday,1,13,36.29
2024-03-31 09:00:00,9,Sunday,1,3,8.48
2024-03-31 10:00:00,10,Sunday,1,7,17.8
2024-03-31 11:00:00,11,Sunday,1,15,49.95
2024-03-31 12:00:00,12,Sunday,1,8,32.57
2024-03-31 13:00:00,13,Sunday,1,12,34.13
2024-03-31 14:00:00,14,Sunday,1,4,11.1
2024-03-31 15:00:00,15,Sunday,1,14,43.75
2024-03-31 16:00:00,16,Sunday,1,2,0.0
2024-03-31 17:00:00,17,Sunday,1,3,11.31
2024-04-01 08:00:00,8,Monday,0,13,38.32
2024-04-01 09:00:00,9,Monday,0,17,33.74
2024-04-01 10:00:00,10,Monday,0,7,20.8
2024-04-01 11:00:00,11,Monday,0,14,38.09
2024-04-01 12:00:00,12,Monday,0,18,31.87
2024-04-01 13:00:00,13,Monday,0,5,8.42
2024-04-01 14:00:00,14,Monday,0,16,52.43
2024-04-01 15:00:00,15,Monday,0,11,29.49
2024-04-01 16:00:00,16,Monday,0,13,30.05
2024-04-01 17:00:00,17,Monday,0,4,5.21
2024-04-02 08:00:00,8,Tuesday,0,2,3.53
2024-04-02 09:00:00,9,Tuesday,0,15,31.84
2024-04-02 10:00:00,10,Tuesday,0,20,30.83
2024-04-02 11:00:00,11,Tuesday,0,1,0.0
2024-04-02 12:00:00,12,Tuesday,0,18,32.0
2024-04-02 13:00:00,13,Tuesday,0,2,10.32
2024-04-02 14:00:00,14,Tuesday,0,19,54.34
2024-04-02 15:00:00,15,Tuesday,0,8,23.26
2024-04-02 16:00:00,16,Tuesday,0,3,3.24
2024-04-02 17:00:00,17,Tuesday,0,10,13.22
2024-04-03 08:00:00,8,Wednesday,0,0,1.76
2024-04-03 09:00:00,9,Wednesday,0,10,30.36
2024-04-03 10:00:00,10,Wednesday,0,0,0.0
2024-04-03 11:00:00,11,Wednesday,0,15,30.84
2024-04-03 12:00:00,12,Wednesday,0,6,13.8
2024-04-03 13:00:00,13,Wednesday,0,4,12.32
2024-04-03 14:00:00,14,Wednesday,0,3,6.33
2024-04-03 15:00:00,15,Wednesday,0,18,46.98
2024-04-03 16:00:00,16,Wednesday,0,2,7.47
2024-04-03 17:00:00,17,Wednesday,0,4,6.23
2024-04-04 08:00:00,8,Thursday,0,18,42.88
2024-04-04 09:00:00,9,Thursday,0,2,0.9
2024-04-04 10:00:00,10,Thursday,0,12,29.1
2024-04-04 11:00:00,11,Thursday,0,18,53.21
2024-04-04 12:00:00,12,Thursday,0,15,36.74
2024-04-04 13:00:00,13,Thursday,0,19,55.07
2024-04-04 14:00:00,14,Thursday,0,2,10.67
2024-04-04 15:00:00,15,Thursday,0,9,14.73
2024-04-04 16:00:00,16,Thursday,0,11,22.59
2024-04-04 17:00:00,17,Thursday,0,18,55.97
2024-04-05 08:00:00,8,Friday,0,6,13.89
2024-04-05 09:00:00,9,Friday,0,17,30.03
2024-04-05 10:00:00,10,Friday,0,9,17.96
2024-04-05 11:00:00,11,Friday,0,4,8.48
2024-04-05 12:00:00,12,Friday,0,5,15.06
2024-04-05 13:00:00,13,Friday,0,18,52.58
2024-04-05 14:00:00,14,Friday,0,16,27.52
2024-04-05 15:00:00,15,Friday,0,14,19.49
2024-04-05 16:00:00,16,Friday,0,19,57.52
2024-04-05 17:00:00,17,Friday,0,17,47.94
2024-04-06 08:00:00,8,Saturday,1,10,37.0
2024-04-06 09:00:00,9,Saturday,1,9,18.9
2024-04-06 10:00:00,10,Saturday,1,20,49.02
2024-04-06 11:00:00,11,Saturday,1,20,40.98
2024-04-06 12:00:00,12,Saturday,1,18,74.82
2024-04-06 13:00:00,13,Saturday,1,1,5.83
2024-04-06 14:00:00,14,Saturday,1,20,54.07
2024-04-06 15:00:00,15,Saturday,1,19,53.49
2024-04-06 16:00:00,16,Saturday,1,1,6.78
2024-04-06 17:00:00,17,Saturday,1,19,63.8
2024-04-07 08:00:00,8,Sunday,1,8,15.07
2024-04-07 09:00:00,9,Sunday,1,5,17.6
2024-04-07 10:00:00,10,Sunday,1,0,0.0
2024-04-07 11:00:00,11,Sunday,1,19,51.88
2024-04-07 12:00:00,12,Sunday,1,9,26.0
2024-04-07 13:00:00,13,Sunday,1,11,46.88
2024-04-07 14:00:00,14,Sunday,1,19,80.48
2024-04-07 15:00:00,15,Sunday,1,0,4.15
2024-04-07 16:00:00,16,Sunday,1,9,30.81
2024-04-07 17:00:00,17,Sunday,1,8,21.13
2024-04-08 08:00:00,8,Monday,0,4,18.51
2024-04-08 09:00:00,9,Monday,0,10,18.34
2024-04-08 10:00:00,10,Monday,0,13,25.83
2024-04-08 11:00:00,11,Monday,0,5,10.02
2024-04-08 12:00:00,12,Monday,0,8,8.5
2024-04-08 13:00:00,13,Monday,0,10,35.1
2024-04-08 14:00:00,14,Monday,0,18,49.51
2024-04-08 15:00:00,15,Monday,0,13,19.04
2024-04-08 16:00:00,16,Monday,0,5,12.85
2024-04-08 17:00:00,17,Monday,0,8,9.4
2024-04-09 08:00:00,8,Tuesday,0,16,47.88
2024-04-09 09:00:00,9,Tuesday,0,16,49.04
2024-04-09 10:00:00,10,Tuesday,0,18,61.26
2024-04-09 11:00:00,11,Tuesday,0,13,31.17
2024-04-09 12:00:00,12,Tuesday,0,1,0.0
2024-04-09 13:00:00,13,Tuesday,0,8,15.33
2024-04-09 14:00:00,14,Tuesday,0,14,42.73
2024-04-09 15:00:00,15,Tuesday,0,19,61.72
2024-04-09 16:00:00,16,Tuesday,0,18,36.43
2024-04-09 17:00:00,17,Tuesday,0,18,41.43
2024-04-10 08:00:00,8,Wednesday,0,8,13.51
2024-04-10 09:00:00,9,Wednesday,0,19,38.7
2024-04-10 10:00:00,10,Wednesday,0,0,3.15
2024-04-10 11:00:00,11,Wednesday,0,19,43.39
2024-04-10 12:00:00,12,Wednesday,0,2,4.21
2024-04-10 13:00:00,13,Wednesday,0,1,2.35
2024-04-10 14:00:00,14,Wednesday,0,18,25.99
2024-04-10 15:00:00,15,Wednesday,0,14,26.11
2024-04-10 16:00:00,16,Wednesday,0,15,25.39
2024-04-10 17:00:00,17,Wednesday,0,11,23.47
2024-04-11 08:00:00,8,Thursday,0,2,9.26
2024-04-11 09:00:00,9,Thursday,0,17,43.26
2024-04-11 10:00:00,10,Thursday,0,13,16.57
2024-04-11 11:00:00,11,Thursday,0,8,24.14
2024-04-11 12:00:00,12,Thursday,0,18,37.23
2024-04-11 13:00:00,13,Thursday,0,1,0.0
2024-04-11 14:00:00,14,Thursday,0,3,8.25
2024-04-11 15:00:00,15,Thursday,0,3,11.04
2024-04-11 16:00:00,16,Thursday,0,20,54.38
2024-04-11 17:00:00,17,Thursday,0,2,5.03
2024-04-12 08:00:00,8,Friday,0,9,18.94
2024-04-12 09:00:00,9,Friday,0,8,22.05
2024-04-12 10:00:00,10,Friday,0,9,21.56
2024-04-12 11:00:00,11,Friday,0,17,31.32
2024-04-12 12:00:00,12,Friday,0,11,23.44
2024-04-12 13:00:00,13,Friday,0,3,4.54
2024-04-12 14:00:00,14,Friday,0,10,30.08
2024-04-12 15:00:00,15,Friday,0,1,1.17
2024-04-12 16:00:00,16,Friday,0,0,0.0
2024-04-12 17:00:00,17,Friday,0,3,7.06
2024-04-13 08:00:00,8,Saturday,1,14,53.26
2024-04-13 09:00:00,9,Saturday,1,4,14.0
2024-04-13 10:00:00,10,Saturday,1,2,5.11
2024-04-13 11:00:00,11,Saturday,1,15,50.31
2024-04-13 12:00:00,12,Saturday,1,15,41.5
2024-04-13 13:00:00,13,Saturday,1,17,64.1
2024-04-13 14:00:00,14,Saturday,1,19,70.99
2024-04-13 15:00:00,15,Saturday,1,20,77.76
2024-04-13 16:00:00,16,Saturday,1,14,46.18
2024-04-13 17:00:00,17,Saturday,1,10,26.67
2024-04-14 08:00:00,8,Sunday,1,12,27.09
2024-04-14 09:00:00,9,Sunday,1,8,28.87
2024-04-14 10:00:00,10,Sunday,1,15,47.32
2024-04-14 11:00:00,11,Sunday,1,7,23.12
2024-04-14 12:00:00,12,Sunday,1,7,20.15
2024-04-14 13:00:00,13,Sunday,1,7,26.2
2024-04-14 14:00:00,14,Sunday,1,7,23.32
2024-04-14 15:00:00,15,Sunday,1,14,50.28
2024-04-14 16:00:00,16,Sunday,1,4,11.75
2024-04-14 17:00:00,17,Sunday,1,18,38.91
2024-04-15 08:00:00,8,Monday,0,20,62.54
2024-04-15 09:00:00,9,Monday,0,11,24.77
2024-04-15 10:00:00,10,Monday,0,4,9.77
2024-04-15 11:00:00,11,Monday,0,15,33.5
2024-04-15 12:00:00,12,Monday,0,5,17.76
2024-04-15 13:00:00,13,Monday,0,4,7.67
2024-04-15 14:00:00,14,Monday,0,0,4.68
2024-04-15 15:00:00,15,Monday,0,16,24.01
2024-04-15 16:00:00,16,Monday,0,1,0.0
2024-04-15 17:00:00,17,Monday,0,9,19.04
2024-04-16 08:00:00,8,Tuesday,0,7,19.51
2024-04-16 09:00:00,9,Tuesday,0,14,31.35
2024-04-16 10:00:00,10,Tuesday,0,11,27.29
2024-04-16 11:00:00,11,Tuesday,0,16,30.1
2024-04-16 12:00:00,12,Tuesday,0,19,31.83
2024-04-16 13:00:00,13,Tuesday,0,13,29.25
2024-04-16 14:00:00,14,Tuesday,0,18,26.39
2024-04-16 15:00:00,15,Tuesday,0,6,22.08
2024-04-16 16:00:00,16,Tuesday,0,4,4.17
2024-04-16 17:00:00,17,Tuesday,0,16,30.6
2024-04-17 08:00:00,8,Wednesday,0,1,7.12
2024-04-17 09:00:00,9,Wednesday,0,17,26.98
2024-04-17 10:00:00,10,Wednesday,0,20,57.87
2024-04-17 11:00:00,11,Wednesday,0,10,24.64
2024-04-17 12:00:00,12,Wednesday,0,13,35.0
2024-04-17 13:00:00,13,Wednesday,0,13,27.3
2024-04-17 14:00:00,14,Wednesday,0,9,24.52
2024-04-17 15:00:00,15,Wednesday,0,19,61.53
2024-04-17 16:00:00,16,Wednesday,0,13,44.88
2024-04-17 17:00:00,17,Wednesday,0,12,36.56
2024-04-18 08:00:00,8,Thursday,0,19,69.52
2024-04-18 09:00:00,9,Thursday,0,9,24.81
2024-04-18 10:00:00,10,Thursday,0,11,16.78
2024-04-18 11:00:00,11,Thursday,0,5,5.82
2024-04-18 12:00:00,12,Thursday,0,12,37.17
2024-04-18 13:00:00,13,Thursday,0,8,21.26
2024-04-18 14:00:00,14,Thursday,0,3,9.47
2024-04-18 15:00:00,15,Thursday,0,10,30.93
2024-04-18 16:00:00,16,Thursday,0,13,36.62
2024-04-18 17:00:00,17,Thursday,0,7,21.11
2024-04-19 08:00:00,8,Friday,0,14,40.61
2024-04-19 09:00:00,9,Friday,0,2,4.64
2024-04-19 10:00:00,10,Friday,0,11,31.0
2024-04-19 11:00:00,11,Friday,0,10,20.03
2024-04-19 12:00:00,12,Friday,0,18,60.13
2024-04-19 13:00:00,13,Friday,0,6,8.8
2024-04-19 14:00:00,14,Friday,0,18,43.76
2024-04-19 15:00:00,15,Friday,0,0,1.07
2024-04-19 16:00:00,16,Friday,0,18,48.04
2024-04-19 17:00:00,17,Friday,0,4,5.11
2024-04-20 08:00:00,8,Saturday,1,5,12.73
2024-04-20 09:00:00,9,Saturday,1,4,21.47
2024-04-20 10:00:00,10,Saturday,1,6,14.36
2024-04-20 11:00:00,11,Saturday,1,8,36.37
2024-04-20 12:00:00,12,Saturday,1,6,13.24
2024-04-20 13:00:00,13,Saturday,1,17,54.65
2024-04-20 14:00:00,14,Saturday,1,1,1.76
2024-04-20 15:00:00,15,Saturday,1,3,11.13
2024-04-20 16:00:00,16,Saturday,1,8,21.1
2024-04-20 17:00:00,17,Saturday,1,0,4.16
2024-04-21 08:00:00,8,Sunday,1,17,53.7
2024-04-21 09:00:00,9,Sunday,1,14,59.96
2024-04-21 10:00:00,10,Sunday,1,17,72.41
2024-04-21 11:00:00,11,Sunday,1,17,45.55
2024-04-21 12:00:00,12,Sunday,1,3,7.54
2024-04-21 13:00:00,13,Sunday,1,15,66.47
2024-04-21 14:00:00,14,Sunday,1,9,17.77
2024-04-21 15:00:00,15,Sunday,1,5,14.43
2024-04-21 16:00:00,16,Sunday,1,19,56.73
2024-04-21 17:00:00,17,Sunday,1,3,7.96
2024-04-22 08:00:00,8,Monday,0,3,3.36
2024-04-22 09:00:00,9,Monday,0,5,12.12
2024-04-22 10:00:00,10,Monday,0,16,40.3
2024-04-22 11:00:00,11,Monday,0,7,16.29
2024-04-22 12:00:00,12,Monday,0,14,46.54
2024-04-22 13:00:00,13,Monday,0,2,4.31
2024-04-22 14:00:00,14,Monday,0,3,9.68
2024-04-22 15:00:00,15,Monday,0,13,34.18
2024-04-22 16:00:00,16,Monday,0,14,45.97
2024-04-22 17:00:00,17,Monday,0,15,22.55
2024-04-23 08:00:00,8,Tuesday,0,3,8.19
2024-04-23 09:00:00,9,Tuesday,0,4,7.71
2024-04-23 10:00:00,10,Tuesday,0,3,11.53
2024-04-23 11:00:00,11,Tuesday,0,11,25.22
2024-04-23 12:00:00,12,Tuesday,0,9,17.04
2024-04-23 13:00:00,13,Tuesday,0,5,10.47
2024-04-23 14:00:00,14,Tuesday,0,17,44.27
2024-04-23 15:00:00,15,Tuesday,0,9,31.75
2024-04-23 16:00:00,16,Tuesday,0,7,16.21
2024-04-23 17:00:00,17,Tuesday,0,6,14.81
2024-04-24 08:00:00,8,Wednesday,0,19,38.7
2024-04-24 09:00:00,9,Wednesday,0,12,24.01
2024-04-24 10:00:00,10,Wednesday,0,15,41.98
2024-04-24 11:00:00,11,Wednesday,0,3,6.99
2024-04-24 12:00:00,12,Wednesday,0,5,11.4
2024-04-24 13:00:00,13,Wednesday,0,4,9.65
2024-04-24 14:00:00,14,Wednesday,0,0,0.0
2024-04-24 15:00:00,15,Wednesday,0,0,3.32
2024-04-24 16:00:00,16,Wednesday,0,12,36.18
2024-04-24 17:00:00,17,Wednesday,0,4,7.74
2024-04-25 08:00:00,8,Thursday,0,12,27.63
2024-04-25 09:00:00,9,Thursday,0,8,26.83
2024-04-25 10:00:00,10,Thursday,0,11,33.6
2024-04-25 11:00:00,11,Thursday,0,13,21.82
2024-04-25 12:00:00,12,Thursday,0,7,15.14
2024-04-25 13:00:00,13,Thursday,0,6,18.07
2024-04-25 14:00:00,14,Thursday,0,11,23.23
2024-04-25 15:00:00,15,Thursday,0,1,7.28
2024-04-25 16:00:00,16,Thursday,0,7,12.7
2024-04-25 17:00:00,17,Thursday,0,20,26.75
2024-04-26 08:00:00,8,Friday,0,10,31.33
2024-04-26 09:00:00,9,Friday,0,5,12.53
2024-04-26 10:00:00,10,Friday,0,18,40.95
2024-04-26 11:00:00,11,Friday,0,19,43.15
2024-04-26 12:00:00,12,Friday,0,1,8.21
2024-04-26 13:00:00,13,Friday,0,13,26.08
2024-04-26 14:00:00,14,Friday,0,20,36.16
2024-04-26 15:00:00,15,Friday,0,7,16.79
2024-04-26 16:00:00,16,Friday,0,9,15.34
2024-04-26 17:00:00,17,Friday,0,1,3.49
2024-04-27 08:00:00,8,Saturday,1,0,4.2
2024-04-27 09:00:00,9,Saturday,1,18,60.18
2024-04-27 10:00:00,10,Saturday,1,10,35.87
2024-04-27 11:00:00,11,Saturday,1,9,15.17
2024-04-27 12:00:00,12,Saturday,1,8,20.88
2024-04-27 13:00:00,13,Saturday,1,3,15.15
2024-04-27 14:00:00,14,Saturday,1,11,17.76
2024-04-27 15:00:00,15,Saturday,1,3,14.22
2024-04-27 16:00:00,16,Saturday,1,2,8.46
2024-04-27 17:00:00,17,Saturday,1,10,42.75
2024-04-28 08:00:00,8,Sunday,1,8,25.79
2024-04-28 09:00:00,9,Sunday,1,17,50.63
2024-04-28 10:00:00,10,Sunday,1,17,61.75
2024-04-28 11:00:00,11,Sunday,1,9,31.9
2024-04-28 12:00:00,12,Sunday,1,20,46.21
2024-04-28 13:00:00,13,Sunday,1,4,11.86
2024-04-28 14:00:00,14,Sunday,1,5,21.78
2024-04-28 15:00:00,15,Sunday,1,13,26.86
2024-04-28 16:00:00,16,Sunday,1,9,15.49
2024-04-28 17:00:00,17,Sunday,1,14,39.95
2024-04-29 08:00:00,8,Monday,0,7,14.23
2024-04-29 09:00:00,9,Monday,0,0,0.0
2024-04-29 10:00:00,10,Monday,0,10,31.99
2024-04-29 11:00:00,11,Monday,0,2,1.43
2024-04-29 12:00:00,12,Monday,0,11,20.92
2024-04-29 13:00:00,13,Monday,0,8,15.77
2024-04-29 14:00:00,14,Monday,0,7,23.99
2024-04-29 15:00:00,15,Monday,0,17,54.3
2024-04-29 16:00:00,16,Monday,0,10,32.1
2024-04-29 17:00:00,17,Monday,0,12,22.96
2024-04-30 08:00:00,8,Tuesday,0,4,14.67
2024-04-30 09:00:00,9,Tuesday,0,14,21.97
2024-04-30 10:00:00,10,Tuesday,0,17,25.94
2024-04-30 11:00:00,11,Tuesday,0,1,3.69
2024-04-30 12:00:00,12,Tuesday,0,3,11.05
2024-04-30 13:00:00,13,Tuesday,0,10,22.74
2024-04-30 14:00:00,14,Tuesday,0,14,23.93
2024-04-30 15:00:00,15,Tuesday,0,13,43.54
2024-04-30 16:00:00,16,Tuesday,0,1,0.0
2024-04-30 17:00:00,17,Tuesday,0,2,0.67
2024-05-01 08:00:00,8,Wednesday,0,8,11.84
2024-05-01 09:00:00,9,Wednesday,0,15,38.57
2024-05-01 10:00:00,10,Wednesday,0,3,6.31
2024-05-01 11:00:00,11,Wednesday,0,5,4.76
2024-05-01 12:00:00,12,Wednesday,0,16,35.72
2024-05-01 13:00:00,13,Wednesday,0,15,40.55
2024-05-01 14:00:00,14,Wednesday,0,7,16.02
2024-05-01 15:00:00,15,Wednesday,0,12,27.0
2024-05-01 16:00:00,16,Wednesday,0,17,41.02
2024-05-01 17:00:00,17,Wednesday,0,20,47.81
2024-05-02 08:00:00,8,Thursday,0,7,20.77
2024-05-02 09:00:00,9,Thursday,0,20,53.89
2024-05-02 10:00:00,10,Thursday,0,16,44.16
2024-05-02 11:00:00,11,Thursday,0,15,44.75
2024-05-02 12:00:00,12,Thursday,0,15,34.71
2024-05-02 13:00:00,13,Thursday,0,18,32.41
2024-05-02 14:00:00,14,Thursday,0,5,12.4
2024-05-02 15:00:00,15,Thursday,0,4,2.72
2024-05-02 16:00:00,16,Thursday,0,4,11.0
2024-05-02 17:00:00,17,Thursday,0,8,22.1
2024-05-03 08:00:00,8,Friday,0,10,33.02
2024-05-03 09:00:00,9,Friday,0,8,25.88
2024-05-03 10:00:00,10,Friday,0,5,17.64
2024-05-03 11:00:00,11,Friday,0,8,24.44
2024-05-03 12:00:00,12,Friday,0,7,12.37
2024-05-03 13:00:00,13,Friday,0,17,33.5
2024-05-03 14:00:00,14,Friday,0,16,38.05
2024-05-03 15:00:00,15,Friday,0,7,20.88
2024-05-03 16:00:00,16,Friday,0,13,39.83
2024-05-03 17:00:00,17,Friday,0,1,6.57
2024-05-04 08:00:00,8,Saturday,1,20,50.62
2024-05-04 09:00:00,9,Saturday,1,13,35.33
2024-05-04 10:00:00,10,Saturday,1,4,12.63
2024-05-04 11:00:00,11,Saturday,1,5,10.43
2024-05-04 12:00:00,12,Saturday,1,9,24.8
2024-05-04 13:00:00,13,Saturday,1,2,1.06
2024-05-04 14:00:00,14,Saturday,1,9,29.03
2024-05-04 15:00:00,15,Saturday,1,13,34.94
2024-05-04 16:00:00,16,Saturday,1,7,28.61
2024-05-04 17:00:00,17,Saturday,1,13,27.77
2024-05-05 08:00:00,8,Sunday,1,15,31.27
2024-05-05 09:00:00,9,Sunday,1,11,28.0
2024-05-05 10:00:00,10,Sunday,1,2,2.19
2024-05-05 11:00:00,11,Sunday,1,19,56.42
2024-05-05 12:00:00,12,Sunday,1,10,34.18
2024-05-05 13:00:00,13,Sunday,1,15,44.48
2024-05-05 14:00:00,14,Sunday,1,2,7.73
2024-05-05 15:00:00,15,Sunday,1,16,66.51
2024-05-05 16:00:00,16,Sunday,1,2,6.15
2024-05-05 17:00:00,17,Sunday,1,10,37.13
2024-05-06 08:00:00,8,Monday,0,20,31.48
2024-05-06 09:00:00,9,Monday,0,5,8.77
2024-05-06 10:00:00,10,Monday,0,20,33.77
2024-05-06 11:00:00,11,Monday,0,20,69.18
2024-05-06 12:00:00,12,Monday,0,6,8.57
2024-05-06 13:00:00,13,Monday,0,8,20.37
2024-05-06 14:00:00,14,Monday,0,11,21.57
2024-05-06 15:00:00,15,Monday,0,17,23.11
2024-05-06 16:00:00,16,Monday,0,16,53.76
2024-05-06 17:00:00,17,Monday,0,20,69.24
2024-05-07 08:00:00,8,Tuesday,0,7,15.9
2024-05-07 09:00:00,9,Tuesday,0,14,17.43
2024-05-07 10:00:00,10,Tuesday,0,15,44.96
2024-05-07 11:00:00,11,Tuesday,0,13,28.66
2024-05-07 12:00:00,12,Tuesday,0,14,46.21
2024-05-07 13:00:00,13,Tuesday,0,10,29.31
2024-05-07 14:00:00,14,Tuesday,0,5,14.64
2024-05-07 15:00:00,15,Tuesday,0,17,41.91
2024-05-07 16:00:00,16,Tuesday,0,3,6.08
2024-05-07 17:00:00,17,Tuesday,0,5,12.76
2024-05-08 08:00:00,8,Wednesday,0,14,22.38
2024-05-08 09:00:00,9,Wednesday,0,9,30.96
2024-05-08 10:00:00,10,Wednesday,0,18,40.73
2024-05-08 11:00:00,11,Wednesday,0,7,17.58
2024-05-08 12:00:00,12,Wednesday,0,17,47.49
2024-05-08 13:00:00,13,Wednesday,0,10,39.14
2024-05-08 14:00:00,14,Wednesday,0,11,39.67
2024-05-08 15:00:00,15,Wednesday,0,16,22.44
2024-05-08 16:00:00,16,Wednesday,0,3,9.55
2024-05-08 17:00:00,17,Wednesday,0,4,3.72
2024-05-09 08:00:00,8,Thursday,0,3,7.74
2024-05-09 09:00:00,9,Thursday,0,12,17.35
2024-05-09 10:00:00,10,Thursday,0,19,42.92
2024-05-09 11:00:00,11,Thursday,0,13,26.23
2024-05-09 12:00:00,12,Thursday,0,20,46.8
2024-05-09 13:00:00,13,Thursday,0,14,26.68
2024-05-09 14:00:00,14,Thursday,0,12,36.94
2024-05-09 15:00:00,15,Thursday,0,0,1.02
2024-05-09 16:00:00,16,Thursday,0,11,42.3
2024-05-09 17:00:00,17,Thursday,0,12,38.17
2024-05-10 08:00:00,8,Friday,0,16,41.97
2024-05-10 09:00:00,9,Friday,0,17,45.92
2024-05-10 10:00:00,10,Friday,0,13,30.04
2024-05-10 11:00:00,11,Friday,0,1,1.47
2024-05-10 12:00:00,12,Friday,0,17,28.12
2024-05-10 13:00:00,13,Friday,0,11,23.99
2024-05-10 14:00:00,14,Friday,0,15,35.5
2024-05-10 15:00:00,15,Friday,0,9,15.43
2024-05-10 16:00:00,16,Friday,0,16,40.89
2024-05-10 17:00:00,17,Friday,0,10,29.23
2024-05-11 08:00:00,8,Saturday,1,9,29.55
2024-05-11 09:00:00,9,Saturday,1,5,22.96
2024-05-11 10:00:00,10,Saturday,1,5,15.07
2024-05-11 11:00:00,11,Saturday,1,20,75.42
2024-05-11 12:00:00,12,Saturday,1,9,31.86
2024-05-11 13:00:00,13,Saturday,1,2,8.78
2024-05-11 14:00:00,14,Saturday,1,5,21.53
2024-05-11 15:00:00,15,Saturday,1,8,27.19
2024-05-11 16:00:00,16,Saturday,1,8,32.86
2024-05-11 17:00:00,17,Saturday,1,2,2.62
2024-05-12 08:00:00,8,Sunday,1,8,19.06
2024-05-12 09:00:00,9,Sunday,1,6,26.82
2024-05-12 10:00:00,10,Sunday,1,6,19.28
2024-05-12 11:00:00,11,Sunday,1,12,45.47
2024-05-12 12:00:00,12,Sunday,1,20,31.47
2024-05-12 13:00:00,13,Sunday,1,5,12.3
2024-05-12 14:00:00,14,Sunday,1,20,84.6
2024-05-12 15:00:00,15,Sunday,1,12,39.42
2024-05-12 16:00:00,16,Sunday,1,8,21.52
2024-05-12 17:00:00,17,Sunday,1,0,1.48
2024-05-13 08:00:00,8,Monday,0,4,7.25
2024-05-13 09:00:00,9,Monday,0,18,59.17
2024-05-13 10:00:00,10,Monday,0,20,38.36
2024-05-13 11:00:00,11,Monday,0,3,2.81
2024-05-13 12:00:00,12,Monday,0,11,20.68
2024-05-13 13:00:00,13,Monday,0,15,28.54
2024-05-13 14:00:00,14,Monday,0,7,15.59
2024-05-13 15:00:00,15,Monday,0,16,49.45
2024-05-13 16:00:00,16,Monday,0,10,20.55
2024-05-13 17:00:00,17,Monday,0,16,41.63
2024-05-14 08:00:00,8,Tuesday,0,8,24.44
2024-05-14 09:00:00,9,Tuesday,0,10,23.8
2024-05-14 10:00:00,10,Tuesday,0,14,28.96
2024-05-14 11:00:00,11,Tuesday,0,9,15.31
2024-05-14 12:00:00,12,Tuesday,0,1,6.41
2024-05-14 13:00:00,13,Tuesday,0,9,31.86
2024-05-14 14:00:00,14,Tuesday,0,3,3.62
2024-05-14 15:00:00,15,Tuesday,0,5,17.65
2024-05-14 16:00:00,16,Tuesday,0,6,22.44
2024-05-14 17:00:00,17,Tuesday,0,5,19.79
2024-05-15 08:00:00,8,Wednesday,0,4,6.26
2024-05-15 09:00:00,9,Wednesday,0,10,20.39
2024-05-15 10:00:00,10,Wednesday,0,15,44.47
2024-05-15 11:00:00,11,Wednesday,0,20,52.69
2024-05-15 12:00:00,12,Wednesday,0,13,33.72
2024-05-15 13:00:00,13,Wednesday,0,3,11.12
2024-05-15 14:00:00,14,Wednesday,0,10,17.93
2024-05-15 15:00:00,15,Wednesday,0,19,49.7
2024-05-15 16:00:00,16,Wednesday,0,2,7.57
2024-05-15 17:00:00,17,Wednesday,0,2,9.34
2024-05-16 08:00:00,8,Thursday,0,7,26.28
2024-05-16 09:00:00,9,Thursday,0,10,14.26
2024-05-16 10:00:00,10,Thursday,0,7,9.05
2024-05-16 11:00:00,11,Thursday,0,1,1.95
2024-05-16 12:00:00,12,Thursday,0,16,31.06
2024-05-16 13:00:00,13,Thursday,0,9,15.15
2024-05-16 14:00:00,14,Thursday,0,10,17.03
2024-05-16 15:00:00,15,Thursday,0,16,45.02
2024-05-16 16:00:00,16,Thursday,0,0,1.23
2024-05-16 17:00:00,17,Thursday,0,1,6.31
2024-05-17 08:00:00,8,Friday,0,15,34.88
2024-05-17 09:00:00,9,Friday,0,17,43.35
2024-05-17 10:00:00,10,Friday,0,6,12.25
2024-05-17 11:00:00,11,Friday,0,13,35.68
2024-05-17 12:00:00,12,Friday,0,15,50.03
2024-05-17 13:00:00,13,Friday,0,11,19.68
2024-05-17 14:00:00,14,Friday,0,19,33.97
2024-05-17 15:00:00,15,Friday,0,15,26.33
2024-05-17 16:00:00,16,Friday,0,1,5.68
2024-05-17 17:00:00,17,Friday,0,11,28.13
2024-05-18 08:00:00,8,Saturday,1,13,27.63
2024-05-18 09:00:00,9,Saturday,1,8,34.31
2024-05-18 10:00:00,10,Saturday,1,3,6.12
2024-05-18 11:00:00,11,Saturday,1,13,49.89
2024-05-18 12:00:00,12,Saturday,1,5,18.68
2024-05-18 13:00:00,13,Saturday,1,14,34.28
2024-05-18 14:00:00,14,Saturday,1,13,51.65
2024-05-18 15:00:00,15,Saturday,1,11,43.13
2024-05-18 16:00:00,16,Saturday,1,16,53.45
2024-05-18 17:00:00,17,Saturday,1,19,39.89
2024-05-19 08:00:00,8,Sunday,1,7,22.29
2024-05-19 09:00:00,9,Sunday,1,7,13.85
2024-05-19 10:00:00,10,Sunday,1,19,54.59
2024-05-19 11:00:00,11,Sunday,1,16,65.36
2024-05-19 12:00:00,12,Sunday,1,8,32.66
2024-05-19 13:00:00,13,Sunday,1,3,11.99
2024-05-19 14:00:00,14,Sunday,1,20,53.39
2024-05-19 15:00:00,15,Sunday,1,17,38.49
2024-05-19 16:00:00,16,Sunday,1,2,5.03
2024-05-19 17:00:00,17,Sunday,1,12,39.13
2024-05-20 08:00:00,8,Monday,0,11,22.49
2024-05-20 09:00:00,9,Monday,0,15,50.69
2024-05-20 10:00:00,10,Monday,0,15,49.26
2024-05-20 11:00:00,11,Monday,0,17,29.17
2024-05-20 12:00:00,12,Monday,0,4,5.29
2024-05-20 13:00:00,13,Monday,0,13,25.74
2024-05-20 14:00:00,14,Monday,0,7,10.63
2024-05-20 15:00:00,15,Monday,0,18,43.5
2024-05-20 16:00:00,16,Monday,0,6,12.17
2024-05-20 17:00:00,17,Monday,0,14,39.2
2024-05-21 08:00:00,8,Tuesday,0,2,8.24
2024-05-21 09:00:00,9,Tuesday,0,17,31.91
2024-05-21 10:00:00,10,Tuesday,0,19,29.14
2024-05-21 11:00:00,11,Tuesday,0,7,11.71
2024-05-21 12:00:00,12,Tuesday,0,13,16.4
2024-05-21 13:00:00,13,Tuesday,0,15,40.6
2024-05-21 14:00:00,14,Tuesday,0,18,60.12
2024-05-21 15:00:00,15,Tuesday,0,15,40.35
2024-05-21 16:00:00,16,Tuesday,0,18,59.79
2024-05-21 17:00:00,17,Tuesday,0,19,46.32
2024-05-22 08:00:00,8,Wednesday,0,11,37.87
2024-05-22 09:00:00,9,Wednesday,0,11,21.3
2024-05-22 10:00:00,10,Wednesday,0,20,67.89
2024-05-22 11:00:00,11,Wednesday,0,14,33.61
2024-05-22 12:00:00,12,Wednesday,0,20,44.26
2024-05-22 13:00:00,13,Wednesday,0,13,26.02
2024-05-22 14:00:00,14,Wednesday,0,14,35.28
2024-05-22 15:00:00,15,Wednesday,0,18,43.52
2024-05-22 16:00:00,16,Wednesday,0,2,1.43
2024-05-22 17:00:00,17,Wednesday,0,19,27.87
2024-05-23 08:00:00,8,Thursday,0,7,17.98
2024-05-23 09:00:00,9,Thursday,0,10,21.77
2024-05-23 10:00:00,10,Thursday,0,5,6.29
2024-05-23 11:00:00,11,Thursday,0,5,7.83
2024-05-23 12:00:00,12,Thursday,0,5,15.16
2024-05-23 13:00:00,13,Thursday,0,10,29.65
2024-05-23 14:00:00,14,Thursday,0,2,4.04
2024-05-23 15:00:00,15,Thursday,0,2,8.68
2024-05-23 16:00:00,16,Thursday,0,10,18.41
2024-05-23 17:00:00,17,Thursday,0,1,0.0
2024-05-24 08:00:00,8,Friday,0,14,50.51
2024-05-24 09:00:00,9,Friday,0,8,23.81
2024-05-24 10:00:00,10,Friday,0,0,1.97
2024-05-24 11:00:00,11,Friday,0,12,22.41
2024-05-24 12:00:00,12,Friday,0,2,0.34
2024-05-24 13:00:00,13,Friday,0,0,0.93
2024-05-24 14:00:00,14,Friday,0,17,48.99
2024-05-24 15:00:00,15,Friday,0,5,16.57
2024-05-24 16:00:00,16,Friday,0,10,20.72
2024-05-24 17:00:00,17,Friday,0,8,16.9
2024-05-25 08:00:00,8,Saturday,1,13,27.56
2024-05-25 09:00:00,9,Saturday,1,20,48.54
2024-05-25 10:00:00,10,Saturday,1,18,68.27
2024-05-25 11:00:00,11,Saturday,1,19,60.75
2024-05-25 12:00:00,12,Saturday,1,7,23.67
2024-05-25 13:00:00,13,Saturday,1,18,59.28
2024-05-25 14:00:00,14,Saturday,1,11,39.86
2024-05-25 15:00:00,15,Saturday,1,16,30.54
2024-05-25 16:00:00,16,Saturday,1,11,36.09
2024-05-25 17:00:00,17,Saturday,1,7,24.6
2024-05-26 08:00:00,8,Sunday,1,17,54.6
2024-05-26 09:00:00,9,Sunday,1,12,30.81
2024-05-26 10:00:00,10,Sunday,1,18,47.84
2024-05-26 11:00:00,11,Sunday,1,20,51.67
2024-05-26 12:00:00,12,Sunday,1,5,13.16
2024-05-26 13:00:00,13,Sunday,1,15,36.94
2024-05-26 14:00:00,14,Sunday,1,2,1.23
2024-05-26 15:00:00,15,Sunday,1,20,70.27
2024-05-26 16:00:00,16,Sunday,1,0,3.22
2024-05-26 17:00:00,17,Sunday,1,8,26.27
2024-05-27 08:00:00,8,Monday,0,10,23.22
2024-05-27 09:00:00,9,Monday,0,6,11.48
2024-05-27 10:00:00,10,Monday,0,9,31.1
2024-05-27 11:00:00,11,Monday,0,1,3.43
2024-05-27 12:00:00,12,Monday,0,3,5.2
2024-05-27 13:00:00,13,Monday,0,18,60.03
2024-05-27 14:00:00,14,Monday,0,16,46.9
2024-05-27 15:00:00,15,Monday,0,4,11.59
2024-05-27 16:00:00,16,Monday,0,9,13.64
2024-05-27 17:00:00,17,Monday,0,2,5.91
2024-05-28 08:00:00,8,Tuesday,0,6,14.94
2024-05-28 09:00:00,9,Tuesday,0,18,31.39
2024-05-28 10:00:00,10,Tuesday,0,4,14.1
2024-05-28 11:00:00,11,Tuesday,0,3,9.1
2024-05-28 12:00:00,12,Tuesday,0,19,30.99
2024-05-28 13:00:00,13,Tuesday,0,3,9.81
2024-05-28 14:00:00,14,Tuesday,0,4,2.23
2024-05-28 15:00:00,15,Tuesday,0,17,28.87
2024-05-28 16:00:00,16,Tuesday,0,2,3.58
2024-05-28 17:00:00,17,Tuesday,0,17,47.8
2024-05-29 08:00:00,8,Wednesday,0,11,33.33
2024-05-29 09:00:00,9,Wednesday,0,3,3.17
2024-05-29 10:00:00,10,Wednesday,0,13,30.18
2024-05-29 11:00:00,11,Wednesday,0,2,2.32
2024-05-29 12:00:00,12,Wednesday,0,17,36.61
2024-05-29 13:00:00,13,Wednesday,0,12,20.58
2024-05-29 14:00:00,14,Wednesday,0,16,53.84
2024-05-29 15:00:00,15,Wednesday,0,17,61.41
2024-05-29 16:00:00,16,Wednesday,0,12,38.01
2024-05-29 17:00:00,17,Wednesday,0,13,37.9
2024-05-30 08:00:00,8,Thursday,0,8,19.27
2024-05-30 09:00:00,9,Thursday,0,8,11.47
2024-05-30 10:00:00,10,Thursday,0,0,0.0
2024-05-30 11:00:00,11,Thursday,0,0,0.0
2024-05-30 12:00:00,12,Thursday,0,13,42.62
2024-05-30 13:00:00,13,Thursday,0,5,9.16
2024-05-30 14:00:00,14,Thursday,0,20,56.3
2024-05-30 15:00:00,15,Thursday,0,2,4.99
2024-05-30 16:00:00,16,Thursday,0,6,12.86
2024-05-30 17:00:00,17,Thursday,0,11,21.79
2024-05-31 08:00:00,8,Friday,0,7,17.43
2024-05-31 09:00:00,9,Friday,0,20,55.86
2024-05-31 10:00:00,10,Friday,0,7,15.94
2024-05-31 11:00:00,11,Friday,0,3,4.87
2024-05-31 12:00:00,12,Friday,0,10,25.82
2024-05-31 13:00:00,13,Friday,0,18,42.29
2024-05-31 14:00:00,14,Friday,0,18,43.25
2024-05-31 15:00:00,15,Friday,0,16,48.7
2024-05-31 16:00:00,16,Friday,0,5,7.36
2024-05-31 17:00:00,17,Friday,0,2,5.68
2024-06-01 08:00:00,8,Saturday,1,18,35.86
2024-06-01 09:00:00,9,Saturday,1,13,36.16
2024-06-01 10:00:00,10,Saturday,1,18,76.61
2024-06-01 11:00:00,11,Saturday,1,3,2.55
2024-06-01 12:00:00,12,Saturday,1,13,21.4
2024-06-01 13:00:00,13,Saturday,1,5,20.61
2024-06-01 14:00:00,14,Saturday,1,17,53.23
2024-06-01 15:00:00,15,Saturday,1,3,9.85
2024-06-01 16:00:00,16,Saturday,1,10,34.64
2024-06-01 17:00:00,17,Saturday,1,14,52.41
2024-06-02 08:00:00,8,Sunday,1,17,48.99
2024-06-02 09:00:00,9,Sunday,1,8,30.78
2024-06-02 10:00:00,10,Sunday,1,10,35.35
2024-06-02 11:00:00,11,Sunday,1,5,11.39
2024-06-02 12:00:00,12,Sunday,1,11,41.74
2024-06-02 13:00:00,13,Sunday,1,15,56.08
2024-06-02 14:00:00,14,Sunday,1,11,18.58
2024-06-02 15:00:00,15,Sunday,1,2,8.93
2024-06-02 16:00:00,16,Sunday,1,3,10.27
2024-06-02 17:00:00,17,Sunday,1,2,1.37
2024-06-03 08:00:00,8,Monday,0,18,50.46
2024-06-03 09:00:00,9,Monday,0,10,32.63
2024-06-03 10:00:00,10,Monday,0,6,16.93
2024-06-03 11:00:00,11,Monday,0,17,47.01
2024-06-03 12:00:00,12,Monday,0,4,15.2
2024-06-03 13:00:00,13,Monday,0,0,0.0
2024-06-03 14:00:00,14,Monday,0,5,11.23
2024-06-03 15:00:00,15,Monday,0,20,58.76
2024-06-03 16:00:00,16,Monday,0,18,38.07
2024-06-03 17:00:00,17,Monday,0,16,32.89
2024-06-04 08:00:00,8,Tuesday,0,14,47.84
2024-06-04 09:00:00,9,Tuesday,0,7,13.9
2024-06-04 10:00:00,10,Tuesday,0,6,15.25
2024-06-04 11:00:00,11,Tuesday,0,2,9.38
2024-06-04 12:00:00,12,Tuesday,0,11,15.75
2024-06-04 13:00:00,13,Tuesday,0,11,30.15
2024-06-04 14:00:00,14,Tuesday,0,4,17.48
2024-06-04 15:00:00,15,Tuesday,0,4,9.23
2024-06-04 16:00:00,16,Tuesday,0,8,19.23
2024-06-04 17:00:00,17,Tuesday,0,14,27.59
2024-06-05 08:00:00,8,Wednesday,0,13,21.96
2024-06-05 09:00:00,9,Wednesday,0,14,18.99
2024-06-05 10:00:00,10,Wednesday,0,9,19.2
2024-06-05 11:00:00,11,Wednesday,0,8,27.32
2024-06-05 12:00:00,12,Wednesday,0,0,0.0
2024-06-05 13:00:00,13,Wednesday,0,1,1.62
2024-06-05 14:00:00,14,Wednesday,0,20,38.01
2024-06-05 15:00:00,15,Wednesday,0,19,64.56
2024-06-05 16:00:00,16,Wednesday,0,12,17.76
2024-06-05 17:00:00,17,Wednesday,0,1,0.0
2024-06-06 08:00:00,8,Thursday,0,4,8.35
2024-06-06 09:00:00,9,Thursday,0,20,41.1
2024-06-06 10:00:00,10,Thursday,0,8,19.6
2024-06-06 11:00:00,11,Thursday,0,3,5.18
2024-06-06 12:00:00,12,Thursday,0,4,9.72
2024-06-06 13:00:00,13,Thursday,0,11,30.17
2024-06-06 14:00:00,14,Thursday,0,13,40.51
2024-06-06 15:00:00,15,Thursday,0,13,36.33
2024-06-06 16:00:00,16,Thursday,0,11,26.35
2024-06-06 17:00:00,17,Thursday,0,19,41.81
2024-06-07 08:00:00,8,Friday,0,2,4.52
2024-06-07 09:00:00,9,Friday,0,10,11.3
2024-06-07 10:00:00,10,Friday,0,12,16.11
2024-06-07 11:00:00,11,Friday,0,18,57.08
2024-06-07 12:00:00,12,Friday,0,6,19.04
2024-06-07 13:00:00,13,Friday,0,11,24.06
2024-06-07 14:00:00,14,Friday,0,11,20.6
2024-06-07 15:00:00,15,Friday,0,15,37.68
2024-06-07 16:00:00,16,Friday,0,19,56.1
2024-06-07 17:00:00,17,Friday,0,12,28.48
2024-06-08 08:00:00,8,Saturday,1,7,26.51
2024-06-08 09:00:00,9,Saturday,1,7,33.44
2024-06-08 10:00:00,10,Saturday,1,11,39.62
2024-06-08 11:00:00,11,Saturday,1,1,2.22
2024-06-08 12:00:00,12,Saturday,1,11,39.27
2024-06-08 13:00:00,13,Saturday,1,20,80.01
2024-06-08 14:00:00,14,Saturday,1,6,10.67
2024-06-08 15:00:00,15,Saturday,1,1,0.81
2024-06-08 16:00:00,16,Saturday,1,7,28.13
2024-06-08 17:00:00,17,Saturday,1,13,35.74
2024-06-09 08:00:00,8,Sunday,1,3,5.7
2024-06-09 09:00:00,9,Sunday,1,7,26.45
2024-06-09 10:00:00,10,Sunday,1,0,0.0
2024-06-09 11:00:00,11,Sunday,1,13,46.73
2024-06-09 12:00:00,12,Sunday,1,13,37.47
2024-06-09 13:00:00,13,Sunday,1,6,12.32
2024-06-09 14:00:00,14,Sunday,1,12,28.83
2024-06-09 15:00:00,15,Sunday,1,18,37.81
2024-06-09 16:00:00,16,Sunday,1,18,34.27
2024-06-09 17:00:00,17,Sunday,1,5,11.02
2024-06-10 08:00:00,8,Monday,0,19,42.8
2024-06-10 09:00:00,9,Monday,0,18,28.54
2024-06-10 10:00:00,10,Monday,0,12,17.67
2024-06-10 11:00:00,11,Monday,0,12,40.96
2024-06-10 12:00:00,12,Monday,0,1,0.0
2024-06-10 13:00:00,13,Monday,0,6,13.15
2024-06-10 14:00:00,14,Monday,0,8,22.99
2024-06-10 15:00:00,15,Monday,0,11,41.9
2024-06-10 16:00:00,16,Monday,0,3,12.44
2024-06-10 17:00:00,17,Monday,0,7,23.43
2024-06-11 08:00:00,8,Tuesday,0,4,13.36
2024-06-11 09:00:00,9,Tuesday,0,6,17.42
2024-06-11 10:00:00,10,Tuesday,0,7,18.73
2024-06-11 11:00:00,11,Tuesday,0,6,10.3
2024-06-11 12:00:00,12,Tuesday,0,6,19.31
2024-06-11 13:00:00,13,Tuesday,0,11,31.96
2024-06-11 14:00:00,14,Tuesday,0,17,30.64
2024-06-11 15:00:00,15,Tuesday,0,4,11.03
2024-06-11 16:00:00,16,Tuesday,0,7,9.78
2024-06-11 17:00:00,17,Tuesday,0,6,20.62
2024-06-12 08:00:00,8,Wednesday,0,2,6.21
2024-06-12 09:00:00,9,Wednesday,0,9,16.2
2024-06-12 10:00:00,10,Wednesday,0,1,3.87
2024-06-12 11:00:00,11,Wednesday,0,9,32.22
2024-06-12 12:00:00,12,Wednesday,0,17,47.2
2024-06-12 13:00:00,13,Wednesday,0,5,10.76
2024-06-12 14:00:00,14,Wednesday,0,8,13.99
2024-06-12 15:00:00,15,Wednesday,0,7,16.93
2024-06-12 16:00:00,16,Wednesday,0,10,16.97
2024-06-12 17:00:00,17,Wednesday,0,5,15.67
2024-06-13 08:00:00,8,Thursday,0,12,21.75
2024-06-13 09:00:00,9,Thursday,0,12,25.9
2024-06-13 10:00:00,10,Thursday,0,18,34.14
2024-06-13 11:00:00,11,Thursday,0,7,18.12
2024-06-13 12:00:00,12,Thursday,0,16,47.63
2024-06-13 13:00:00,13,Thursday,0,16,50.98
2024-06-13 14:00:00,14,Thursday,0,6,18.71
2024-06-13 15:00:00,15,Thursday,0,11,24.04
2024-06-13 16:00:00,16,Thursday,0,20,65.91
2024-06-13 17:00:00,17,Thursday,0,12,35.17
2024-06-14 08:00:00,8,Friday,0,4,11.97
2024-06-14 09:00:00,9,Friday,0,12,35.87
2024-06-14 10:00:00,10,Friday,0,20,42.71
2024-06-14 11:00:00,11,Friday,0,19,35.24
2024-06-14 12:00:00,12,Friday,0,3,9.4
2024-06-14 13:00:00,13,Friday,0,13,35.9
2024-06-14 14:00:00,14,Friday,0,15,23.18
2024-06-14 15:00:00,15,Friday,0,3,10.49
2024-06-14 16:00:00,16,Friday,0,6,14.31
2024-06-14 17:00:00,17,Friday,0,2,0.34
2024-06-15 08:00:00,8,Saturday,1,14,42.77
2024-06-15 09:00:00,9,Saturday,1,9,22.65
2024-06-15 10:00:00,10,Saturday,1,14,31.04
2024-06-15 11:00:00,11,Saturday,1,17,58.07
2024-06-15 12:00:00,12,Saturday,1,17,44.55
2024-06-15 13:00:00,13,Saturday,1,14,47.91
2024-06-15 14:00:00,14,Saturday,1,14,27.08
2024-06-15 15:00:00,15,Saturday,1,17,61.91
2024-06-15 16:00:00,16,Saturday,1,16,33.37
2024-06-15 17:00:00,17,Saturday,1,20,38.91
2024-06-16 08:00:00,8,Sunday,1,19,61.63
2024-06-16 09:00:00,9,Sunday,1,9,20.41
2024-06-16 10:00:00,10,Sunday,1,14,56.86
2024-06-16 11:00:00,11,Sunday,1,10,21.65
2024-06-16 12:00:00,12,Sunday,1,7,21.18
2024-06-16 13:00:00,13,Sunday,1,0,0.18
2024-06-16 14:00:00,14,Sunday,1,8,19.45
2024-06-16 15:00:00,15,Sunday,1,16,65.95
2024-06-16 16:00:00,16,Sunday,1,13,37.4
2024-06-16 17:00:00,17,Sunday,1,9,37.87
2024-06-17 08:00:00,8,Monday,0,14,20.58
2024-06-17 09:00:00,9,Monday,0,19,54.39
2024-06-17 10:00:00,10,Monday,0,13,42.88
2024-06-17 11:00:00,11,Monday,0,13,31.39
2024-06-17 12:00:00,12,Monday,0,8,23.94
2024-06-17 13:00:00,13,Monday,0,6,22.86
2024-06-17 14:00:00,14,Monday,0,3,6.39
2024-06-17 15:00:00,15,Monday,0,14,39.46
2024-06-17 16:00:00,16,Monday,0,3,14.18
2024-06-17 17:00:00,17,Monday,0,11,37.06
2024-06-18 08:00:00,8,Tuesday,0,15,26.91
2024-06-18 09:00:00,9,Tuesday,0,12,38.63
2024-06-18 10:00:00,10,Tuesday,0,16,42.18
2024-06-18 11:00:00,11,Tuesday,0,15,30.67
2024-06-18 12:00:00,12,Tuesday,0,3,12.55
2024-06-18 13:00:00,13,Tuesday,0,0,1.78
2024-06-18 14:00:00,14,Tuesday,0,12,34.71
2024-06-18 15:00:00,15,Tuesday,0,9,22.58
2024-06-18 16:00:00,16,Tuesday,0,0,0.0
2024-06-18 17:00:00,17,Tuesday,0,15,40.69
2024-06-19 08:00:00,8,Wednesday,0,8,16.31
2024-06-19 09:00:00,9,Wednesday,0,12,17.7
2024-06-19 10:00:00,10,Wednesday,0,5,11.15
2024-06-19 11:00:00,11,Wednesday,0,3,15.1
2024-06-19 12:00:00,12,Wednesday,0,19,41.14
2024-06-19 13:00:00,13,Wednesday,0,11,33.71
2024-06-19 14:00:00,14,Wednesday,0,4,7.54
2024-06-19 15:00:00,15,Wednesday,0,8,17.57
2024-06-19 16:00:00,16,Wednesday,0,11,28.5
2024-06-19 17:00:00,17,Wednesday,0,18,35.17
2024-06-20 08:00:00,8,Thursday,0,6,9.85
2024-06-20 09:00:00,9,Thursday,0,13,17.05
2024-06-20 10:00:00,10,Thursday,0,11,23.76
2024-06-20 11:00:00,11,Thursday,0,10,19.73
2024-06-20 12:00:00,12,Thursday,0,15,36.13
2024-06-20 13:00:00,13,Thursday,0,12,16.87
2024-06-20 14:00:00,14,Thursday,0,6,21.2
2024-06-20 15:00:00,15,Thursday,0,3,4.32
2024-06-20 16:00:00,16,Thursday,0,9,18.68
2024-06-20 17:00:00,17,Thursday,0,3,5.2
2024-06-21 08:00:00,8,Friday,0,13,47.31
2024-06-21 09:00:00,9,Friday,0,14,45.15
2024-06-21 10:00:00,10,Friday,0,8,26.74
2024-06-21 11:00:00,11,Friday,0,15,42.29
2024-06-21 12:00:00,12,Friday,0,5,9.25
2024-06-21 13:00:00,13,Friday,0,12,19.63
2024-06-21 14:00:00,14,Friday,0,16,33.71
2024-06-21 15:00:00,15,Friday,0,9,23.06
2024-06-21 16:00:00,16,Friday,0,10,32.5
2024-06-21 17:00:00,17,Friday,0,4,6.86
2024-06-22 08:00:00,8,Saturday,1,17,66.43
2024-06-22 09:00:00,9,Saturday,1,20,68.23
2024-06-22 10:00:00,10,Saturday,1,0,2.36
2024-06-22 11:00:00,11,Saturday,1,0,2.08
2024-06-22 12:00:00,12,Saturday,1,18,60.71
2024-06-22 13:00:00,13,Saturday,1,17,69.88
2024-06-22 14:00:00,14,Saturday,1,20,76.9
2024-06-22 15:00:00,15,Saturday,1,18,44.01
2024-06-22 16:00:00,16,Saturday,1,18,43.4
2024-06-22 17:00:00,17,Saturday,1,8,22.85
2024-06-23 08:00:00,8,Sunday,1,1,4.94
2024-06-23 09:00:00,9,Sunday,1,3,12.34
2024-06-23 10:00:00,10,Sunday,1,10,31.06
2024-06-23 11:00:00,11,Sunday,1,15,52.66
2024-06-23 12:00:00,12,Sunday,1,17,67.61
2024-06-23 13:00:00,13,Sunday,1,11,25.17
2024-06-23 14:00:00,14,Sunday,1,3,14.94
2024-06-23 15:00:00,15,Sunday,1,12,46.31
2024-06-23 16:00:00,16,Sunday,1,10,34.94
2024-06-23 17:00:00,17,Sunday,1,10,24.88
2024-06-24 08:00:00,8,Monday,0,12,38.39
2024-06-24 09:00:00,9,Monday,0,18,65.06
2024-06-24 10:00:00,10,Monday,0,8,15.33
2024-06-24 11:00:00,11,Monday,0,14,27.14
2024-06-24 12:00:00,12,Monday,0,6,9.42
2024-06-24 13:00:00,13,Monday,0,17,55.78
2024-06-24 14:00:00,14,Monday,0,5,12.13
2024-06-24 15:00:00,15,Monday,0,12,17.21
2024-06-24 16:00:00,16,Monday,0,9,12.3
2024-06-24 17:00:00,17,Monday,0,10,31.05
2024-06-25 08:00:00,8,Tuesday,0,18,45.83
2024-06-25 09:00:00,9,Tuesday,0,9,29.04
2024-06-25 10:00:00,10,Tuesday,0,10,11.84
2024-06-25 11:00:00,11,Tuesday,0,16,51.64
2024-06-25 12:00:00,12,Tuesday,0,0,3.41
2024-06-25 13:00:00,13,Tuesday,0,0,0.58
2024-06-25 14:00:00,14,Tuesday,0,12,33.31
2024-06-25 15:00:00,15,Tuesday,0,17,45.17
2024-06-25 16:00:00,16,Tuesday,0,7,6.64
2024-06-25 17:00:00,17,Tuesday,0,5,11.42
2024-06-26 08:00:00,8,Wednesday,0,3,7.17
2024-06-26 09:00:00,9,Wednesday,0,0,0.0
2024-06-26 10:00:00,10,Wednesday,0,18,51.4
2024-06-26 11:00:00,11,Wednesday,0,6,14.36
2024-06-26 12:00:00,12,Wednesday,0,6,12.48
2024-06-26 13:00:00,13,Wednesday,0,9,26.14
2024-06-26 14:00:00,14,Wednesday,0,6,20.77
2024-06-26 15:00:00,15,Wednesday,0,13,28.01
2024-06-26 16:00:00,16,Wednesday,0,19,57.86
2024-06-26 17:00:00,17,Wednesday,0,2,3.69
2024-06-27 08:00:00,8,Thursday,0,13,17.83
2024-06-27 09:00:00,9,Thursday,0,5,13.97
2024-06-27 10:00:00,10,Thursday,0,2,10.16
2024-06-27 11:00:00,11,Thursday,0,13,30.88
2024-06-27 12:00:00,12,Thursday,0,9,16.6
2024-06-27 13:00:00,13,Thursday,0,17,53.74
2024-06-27 14:00:00,14,Thursday,0,17,47.64
2024-06-27 15:00:00,15,Thursday,0,17,24.05
2024-06-27 16:00:00,16,Thursday,0,5,12.81
2024-06-27 17:00:00,17,Thursday,0,12,34.13
2024-06-28 08:00:00,8,Friday,0,0,0.0
2024-06-28 09:00:00,9,Friday,0,1,5.85
2024-06-28 10:00:00,10,Friday,0,20,53.92
2024-06-28 11:00:00,11,Friday,0,6,15.29
2024-06-28 12:00:00,12,Friday,0,16,53.07
2024-06-28 13:00:00,13,Friday,0,12,27.96
2024-06-28 14:00:00,14,Friday,0,11,38.29
2024-06-28 15:00:00,15,Friday,0,16,34.67
2024-06-28 16:00:00,16,Friday,0,17,55.83
2024-06-28 17:00:00,17,Friday,0,1,3.54
